"","sc3_25_clusters"
"Interneurons","17"
"Interneurons.1","17"
"Interneurons.2","17"
"Interneurons.3","17"
"Interneurons.4","17"
"Interneurons.5","17"
"Interneurons.6","17"
"Interneurons.7","17"
"Interneurons.8","17"
"Interneurons.9","17"
"Interneurons.10","17"
"Interneurons.11","17"
"Interneurons.12","17"
"Interneurons.13","17"
"Interneurons.14","17"
"Interneurons.15","17"
"Interneurons.16","17"
"Interneurons.17","17"
"Interneurons.18","17"
"Interneurons.19","17"
"Interneurons.20","17"
"Interneurons.21","17"
"Interneurons.22","17"
"Interneurons.23","17"
"Interneurons.24","23"
"Interneurons.25","17"
"Interneurons.26","17"
"Interneurons.27","17"
"Interneurons.28","17"
"Interneurons.29","17"
"Interneurons.30","17"
"Interneurons.31","17"
"Interneurons.32","17"
"Interneurons.33","17"
"Interneurons.34","17"
"Interneurons.35","17"
"Interneurons.36","17"
"Interneurons.37","17"
"Interneurons.38","17"
"Interneurons.39","17"
"Interneurons.40","17"
"Interneurons.41","17"
"Interneurons.42","17"
"Interneurons.43","17"
"Interneurons.44","17"
"Interneurons.45","17"
"Interneurons.46","17"
"Interneurons.47","17"
"Interneurons.48","17"
"Interneurons.49","17"
"Interneurons.50","17"
"Interneurons.51","17"
"Interneurons.52","17"
"Interneurons.53","17"
"Interneurons.54","17"
"Interneurons.55","17"
"Interneurons.56","17"
"Interneurons.57","17"
"Interneurons.58","17"
"Interneurons.59","17"
"Interneurons.60","17"
"Interneurons.61","17"
"Interneurons.62","17"
"Interneurons.63","17"
"Interneurons.64","17"
"Interneurons.65","17"
"Interneurons.66","17"
"Interneurons.67","17"
"Interneurons.68","17"
"Interneurons.69","17"
"Interneurons.70","17"
"Interneurons.71","17"
"Interneurons.72","17"
"Interneurons.73","17"
"Interneurons.74","17"
"Interneurons.75","17"
"Interneurons.76","17"
"Interneurons.77","17"
"Interneurons.78","17"
"Interneurons.79","17"
"Interneurons.80","17"
"Interneurons.81","17"
"Interneurons.82","17"
"Interneurons.83","17"
"Interneurons.84","17"
"Interneurons.85","17"
"Interneurons.86","17"
"Interneurons.87","17"
"Interneurons.88","17"
"Interneurons.89","17"
"Interneurons.90","17"
"Interneurons.91","17"
"Interneurons.92","17"
"Interneurons.93","17"
"Interneurons.94","17"
"Interneurons.95","17"
"Interneurons.96","17"
"Interneurons.97","17"
"Interneurons.98","17"
"Interneurons.99","17"
"Interneurons.100","17"
"Interneurons.101","17"
"Interneurons.102","17"
"Interneurons.103","17"
"Interneurons.104","15"
"Interneurons.105","17"
"Interneurons.106","17"
"Interneurons.107","17"
"Interneurons.108","17"
"Interneurons.109","17"
"Interneurons.110","17"
"Interneurons.111","17"
"Interneurons.112","17"
"Interneurons.113","8"
"Interneurons.114","17"
"Interneurons.115","17"
"Interneurons.116","17"
"Interneurons.117","17"
"Interneurons.118","8"
"Interneurons.119","17"
"Interneurons.120","17"
"Interneurons.121","17"
"Interneurons.122","17"
"Interneurons.123","17"
"Interneurons.124","17"
"Interneurons.125","17"
"Interneurons.126","8"
"Interneurons.127","17"
"Interneurons.128","17"
"Interneurons.129","17"
"Interneurons.130","17"
"Interneurons.131","17"
"Interneurons.132","17"
"Interneurons.133","8"
"Interneurons.134","17"
"Interneurons.135","17"
"Interneurons.136","17"
"Interneurons.137","5"
"Interneurons.138","17"
"Interneurons.139","17"
"Interneurons.140","17"
"Interneurons.141","17"
"Interneurons.142","6"
"Interneurons.143","17"
"Interneurons.144","17"
"Interneurons.145","17"
"Interneurons.146","17"
"Interneurons.147","17"
"Interneurons.148","17"
"Interneurons.149","17"
"Interneurons.150","17"
"Interneurons.151","17"
"Interneurons.152","17"
"Interneurons.153","17"
"Interneurons.154","17"
"Interneurons.155","17"
"Interneurons.156","17"
"Interneurons.157","17"
"Interneurons.158","17"
"Interneurons.159","17"
"Interneurons.160","17"
"Interneurons.161","17"
"Interneurons.162","17"
"Interneurons.163","17"
"Interneurons.164","17"
"Interneurons.165","17"
"Interneurons.166","17"
"Interneurons.167","17"
"Interneurons.168","17"
"Interneurons.169","17"
"Interneurons.170","17"
"Interneurons.171","17"
"Interneurons.172","17"
"Interneurons.173","17"
"Interneurons.174","17"
"Interneurons.175","17"
"Interneurons.176","17"
"Interneurons.177","17"
"Interneurons.178","17"
"Interneurons.179","17"
"Interneurons.180","17"
"Interneurons.181","17"
"Interneurons.182","17"
"Interneurons.183","17"
"Interneurons.184","17"
"Interneurons.185","17"
"Interneurons.186","17"
"Interneurons.187","17"
"Interneurons.188","17"
"Interneurons.189","17"
"Interneurons.190","17"
"Interneurons.191","17"
"Interneurons.192","17"
"Interneurons.193","6"
"Interneurons.194","2"
"Interneurons.195","17"
"Interneurons.196","2"
"Interneurons.197","17"
"Interneurons.198","17"
"Interneurons.199","17"
"Interneurons.200","17"
"Interneurons.201","17"
"Interneurons.202","17"
"Interneurons.203","15"
"Interneurons.204","17"
"Interneurons.205","17"
"Interneurons.206","17"
"Interneurons.207","17"
"Interneurons.208","17"
"Interneurons.209","17"
"Interneurons.210","17"
"Interneurons.211","17"
"Interneurons.212","17"
"Interneurons.213","17"
"Interneurons.214","17"
"Interneurons.215","3"
"Interneurons.216","17"
"Interneurons.217","24"
"Interneurons.218","17"
"Interneurons.219","17"
"Interneurons.220","17"
"Interneurons.221","17"
"Interneurons.222","17"
"Interneurons.223","17"
"Interneurons.224","17"
"Interneurons.225","15"
"Interneurons.226","17"
"Interneurons.227","17"
"Interneurons.228","17"
"Interneurons.229","17"
"Interneurons.230","17"
"Interneurons.231","17"
"Interneurons.232","17"
"Interneurons.233","17"
"Interneurons.234","15"
"Interneurons.235","17"
"Interneurons.236","17"
"Interneurons.237","17"
"Interneurons.238","8"
"Interneurons.239","17"
"Interneurons.240","17"
"Interneurons.241","17"
"Interneurons.242","17"
"Interneurons.243","17"
"Interneurons.244","17"
"Interneurons.245","17"
"Interneurons.246","17"
"Interneurons.247","17"
"Interneurons.248","17"
"Interneurons.249","17"
"Interneurons.250","17"
"Interneurons.251","17"
"Interneurons.252","17"
"Interneurons.253","17"
"Interneurons.254","8"
"Interneurons.255","17"
"Interneurons.256","17"
"Interneurons.257","17"
"Interneurons.258","3"
"Interneurons.259","17"
"Interneurons.260","17"
"Interneurons.261","17"
"Interneurons.262","17"
"Interneurons.263","18"
"Interneurons.264","17"
"Interneurons.265","17"
"Interneurons.266","17"
"Interneurons.267","17"
"Interneurons.268","17"
"Interneurons.269","17"
"Interneurons.270","17"
"Interneurons.271","17"
"Interneurons.272","17"
"Interneurons.273","17"
"Interneurons.274","17"
"Interneurons.275","17"
"Interneurons.276","17"
"Interneurons.277","17"
"Interneurons.278","17"
"Interneurons.279","17"
"Interneurons.280","15"
"Interneurons.281","17"
"Interneurons.282","17"
"Interneurons.283","17"
"Interneurons.284","17"
"Interneurons.285","17"
"Interneurons.286","17"
"Interneurons.287","17"
"Interneurons.288","17"
"Interneurons.289","17"
"S1.Pyramidal","8"
"S1.Pyramidal.1","8"
"S1.Pyramidal.2","8"
"S1.Pyramidal.3","8"
"S1.Pyramidal.4","8"
"S1.Pyramidal.5","8"
"S1.Pyramidal.6","8"
"S1.Pyramidal.7","8"
"S1.Pyramidal.8","8"
"S1.Pyramidal.9","8"
"S1.Pyramidal.10","8"
"S1.Pyramidal.11","8"
"S1.Pyramidal.12","8"
"S1.Pyramidal.13","8"
"S1.Pyramidal.14","8"
"S1.Pyramidal.15","8"
"S1.Pyramidal.16","8"
"S1.Pyramidal.17","8"
"S1.Pyramidal.18","8"
"S1.Pyramidal.19","8"
"S1.Pyramidal.20","8"
"S1.Pyramidal.21","8"
"S1.Pyramidal.22","8"
"S1.Pyramidal.23","8"
"S1.Pyramidal.24","8"
"S1.Pyramidal.25","8"
"S1.Pyramidal.26","8"
"S1.Pyramidal.27","8"
"S1.Pyramidal.28","8"
"S1.Pyramidal.29","8"
"S1.Pyramidal.30","8"
"S1.Pyramidal.31","9"
"S1.Pyramidal.32","8"
"S1.Pyramidal.33","8"
"S1.Pyramidal.34","8"
"S1.Pyramidal.35","8"
"S1.Pyramidal.36","8"
"S1.Pyramidal.37","8"
"S1.Pyramidal.38","8"
"S1.Pyramidal.39","8"
"S1.Pyramidal.40","8"
"S1.Pyramidal.41","8"
"S1.Pyramidal.42","8"
"S1.Pyramidal.43","8"
"S1.Pyramidal.44","8"
"S1.Pyramidal.45","8"
"S1.Pyramidal.46","8"
"S1.Pyramidal.47","8"
"S1.Pyramidal.48","8"
"S1.Pyramidal.49","8"
"S1.Pyramidal.50","8"
"S1.Pyramidal.51","8"
"S1.Pyramidal.52","8"
"S1.Pyramidal.53","8"
"S1.Pyramidal.54","8"
"S1.Pyramidal.55","8"
"S1.Pyramidal.56","8"
"S1.Pyramidal.57","8"
"S1.Pyramidal.58","8"
"S1.Pyramidal.59","8"
"S1.Pyramidal.60","8"
"S1.Pyramidal.61","8"
"S1.Pyramidal.62","8"
"S1.Pyramidal.63","8"
"S1.Pyramidal.64","8"
"S1.Pyramidal.65","8"
"S1.Pyramidal.66","8"
"S1.Pyramidal.67","8"
"S1.Pyramidal.68","8"
"S1.Pyramidal.69","8"
"S1.Pyramidal.70","8"
"S1.Pyramidal.71","8"
"S1.Pyramidal.72","8"
"S1.Pyramidal.73","8"
"S1.Pyramidal.74","8"
"S1.Pyramidal.75","8"
"S1.Pyramidal.76","8"
"S1.Pyramidal.77","8"
"S1.Pyramidal.78","8"
"S1.Pyramidal.79","8"
"S1.Pyramidal.80","8"
"S1.Pyramidal.81","8"
"S1.Pyramidal.82","8"
"S1.Pyramidal.83","8"
"S1.Pyramidal.84","8"
"S1.Pyramidal.85","8"
"S1.Pyramidal.86","8"
"S1.Pyramidal.87","8"
"S1.Pyramidal.88","8"
"S1.Pyramidal.89","8"
"S1.Pyramidal.90","8"
"S1.Pyramidal.91","8"
"S1.Pyramidal.92","8"
"S1.Pyramidal.93","8"
"S1.Pyramidal.94","8"
"S1.Pyramidal.95","8"
"S1.Pyramidal.96","8"
"S1.Pyramidal.97","8"
"S1.Pyramidal.98","8"
"S1.Pyramidal.99","8"
"S1.Pyramidal.100","8"
"S1.Pyramidal.101","8"
"S1.Pyramidal.102","8"
"S1.Pyramidal.103","8"
"S1.Pyramidal.104","8"
"S1.Pyramidal.105","8"
"S1.Pyramidal.106","8"
"S1.Pyramidal.107","8"
"S1.Pyramidal.108","8"
"S1.Pyramidal.109","8"
"S1.Pyramidal.110","8"
"S1.Pyramidal.111","8"
"S1.Pyramidal.112","8"
"S1.Pyramidal.113","8"
"S1.Pyramidal.114","7"
"S1.Pyramidal.115","8"
"S1.Pyramidal.116","8"
"S1.Pyramidal.117","8"
"S1.Pyramidal.118","8"
"S1.Pyramidal.119","8"
"S1.Pyramidal.120","8"
"S1.Pyramidal.121","8"
"S1.Pyramidal.122","8"
"S1.Pyramidal.123","8"
"S1.Pyramidal.124","8"
"S1.Pyramidal.125","8"
"S1.Pyramidal.126","8"
"S1.Pyramidal.127","8"
"S1.Pyramidal.128","8"
"S1.Pyramidal.129","8"
"S1.Pyramidal.130","8"
"S1.Pyramidal.131","8"
"S1.Pyramidal.132","8"
"S1.Pyramidal.133","8"
"S1.Pyramidal.134","8"
"S1.Pyramidal.135","8"
"S1.Pyramidal.136","8"
"S1.Pyramidal.137","8"
"S1.Pyramidal.138","8"
"S1.Pyramidal.139","8"
"S1.Pyramidal.140","8"
"S1.Pyramidal.141","8"
"S1.Pyramidal.142","8"
"S1.Pyramidal.143","8"
"S1.Pyramidal.144","8"
"S1.Pyramidal.145","8"
"S1.Pyramidal.146","8"
"S1.Pyramidal.147","8"
"S1.Pyramidal.148","8"
"S1.Pyramidal.149","8"
"S1.Pyramidal.150","8"
"S1.Pyramidal.151","8"
"S1.Pyramidal.152","8"
"S1.Pyramidal.153","8"
"S1.Pyramidal.154","8"
"S1.Pyramidal.155","8"
"S1.Pyramidal.156","8"
"S1.Pyramidal.157","8"
"S1.Pyramidal.158","8"
"S1.Pyramidal.159","8"
"S1.Pyramidal.160","8"
"S1.Pyramidal.161","8"
"S1.Pyramidal.162","8"
"S1.Pyramidal.163","8"
"S1.Pyramidal.164","8"
"S1.Pyramidal.165","8"
"S1.Pyramidal.166","8"
"S1.Pyramidal.167","8"
"S1.Pyramidal.168","8"
"S1.Pyramidal.169","8"
"S1.Pyramidal.170","8"
"S1.Pyramidal.171","8"
"S1.Pyramidal.172","8"
"S1.Pyramidal.173","8"
"S1.Pyramidal.174","8"
"S1.Pyramidal.175","8"
"S1.Pyramidal.176","8"
"S1.Pyramidal.177","8"
"S1.Pyramidal.178","17"
"S1.Pyramidal.179","17"
"S1.Pyramidal.180","17"
"S1.Pyramidal.181","3"
"S1.Pyramidal.182","8"
"S1.Pyramidal.183","17"
"S1.Pyramidal.184","8"
"S1.Pyramidal.185","8"
"S1.Pyramidal.186","8"
"S1.Pyramidal.187","8"
"S1.Pyramidal.188","8"
"S1.Pyramidal.189","8"
"S1.Pyramidal.190","15"
"S1.Pyramidal.191","3"
"S1.Pyramidal.192","7"
"S1.Pyramidal.193","8"
"S1.Pyramidal.194","3"
"S1.Pyramidal.195","8"
"S1.Pyramidal.196","8"
"S1.Pyramidal.197","8"
"S1.Pyramidal.198","8"
"S1.Pyramidal.199","3"
"S1.Pyramidal.200","8"
"S1.Pyramidal.201","7"
"S1.Pyramidal.202","6"
"S1.Pyramidal.203","8"
"S1.Pyramidal.204","8"
"S1.Pyramidal.205","8"
"S1.Pyramidal.206","8"
"S1.Pyramidal.207","8"
"S1.Pyramidal.208","8"
"S1.Pyramidal.209","8"
"S1.Pyramidal.210","8"
"S1.Pyramidal.211","8"
"S1.Pyramidal.212","8"
"S1.Pyramidal.213","8"
"S1.Pyramidal.214","8"
"S1.Pyramidal.215","8"
"S1.Pyramidal.216","8"
"S1.Pyramidal.217","8"
"S1.Pyramidal.218","8"
"S1.Pyramidal.219","8"
"S1.Pyramidal.220","8"
"S1.Pyramidal.221","8"
"S1.Pyramidal.222","8"
"S1.Pyramidal.223","8"
"S1.Pyramidal.224","8"
"S1.Pyramidal.225","8"
"S1.Pyramidal.226","8"
"S1.Pyramidal.227","8"
"S1.Pyramidal.228","8"
"S1.Pyramidal.229","8"
"S1.Pyramidal.230","8"
"S1.Pyramidal.231","8"
"S1.Pyramidal.232","8"
"S1.Pyramidal.233","8"
"S1.Pyramidal.234","8"
"S1.Pyramidal.235","8"
"S1.Pyramidal.236","2"
"S1.Pyramidal.237","8"
"S1.Pyramidal.238","8"
"S1.Pyramidal.239","8"
"S1.Pyramidal.240","8"
"S1.Pyramidal.241","8"
"S1.Pyramidal.242","8"
"S1.Pyramidal.243","8"
"S1.Pyramidal.244","8"
"S1.Pyramidal.245","8"
"S1.Pyramidal.246","8"
"S1.Pyramidal.247","8"
"S1.Pyramidal.248","8"
"S1.Pyramidal.249","8"
"S1.Pyramidal.250","8"
"S1.Pyramidal.251","8"
"S1.Pyramidal.252","8"
"S1.Pyramidal.253","8"
"S1.Pyramidal.254","8"
"S1.Pyramidal.255","8"
"S1.Pyramidal.256","8"
"S1.Pyramidal.257","8"
"S1.Pyramidal.258","8"
"S1.Pyramidal.259","8"
"S1.Pyramidal.260","23"
"S1.Pyramidal.261","17"
"S1.Pyramidal.262","8"
"S1.Pyramidal.263","8"
"S1.Pyramidal.264","8"
"S1.Pyramidal.265","17"
"S1.Pyramidal.266","8"
"S1.Pyramidal.267","17"
"S1.Pyramidal.268","8"
"S1.Pyramidal.269","8"
"S1.Pyramidal.270","8"
"S1.Pyramidal.271","8"
"S1.Pyramidal.272","8"
"S1.Pyramidal.273","23"
"S1.Pyramidal.274","8"
"S1.Pyramidal.275","8"
"S1.Pyramidal.276","8"
"S1.Pyramidal.277","8"
"S1.Pyramidal.278","8"
"S1.Pyramidal.279","8"
"S1.Pyramidal.280","8"
"S1.Pyramidal.281","8"
"S1.Pyramidal.282","8"
"S1.Pyramidal.283","8"
"S1.Pyramidal.284","8"
"S1.Pyramidal.285","8"
"S1.Pyramidal.286","8"
"S1.Pyramidal.287","8"
"S1.Pyramidal.288","23"
"S1.Pyramidal.289","8"
"S1.Pyramidal.290","8"
"S1.Pyramidal.291","8"
"S1.Pyramidal.292","8"
"S1.Pyramidal.293","8"
"S1.Pyramidal.294","8"
"S1.Pyramidal.295","8"
"S1.Pyramidal.296","8"
"S1.Pyramidal.297","8"
"S1.Pyramidal.298","8"
"S1.Pyramidal.299","8"
"S1.Pyramidal.300","8"
"S1.Pyramidal.301","8"
"S1.Pyramidal.302","8"
"S1.Pyramidal.303","8"
"S1.Pyramidal.304","8"
"S1.Pyramidal.305","8"
"S1.Pyramidal.306","8"
"S1.Pyramidal.307","8"
"S1.Pyramidal.308","8"
"S1.Pyramidal.309","8"
"S1.Pyramidal.310","8"
"S1.Pyramidal.311","8"
"S1.Pyramidal.312","8"
"S1.Pyramidal.313","8"
"S1.Pyramidal.314","8"
"S1.Pyramidal.315","8"
"S1.Pyramidal.316","8"
"S1.Pyramidal.317","8"
"S1.Pyramidal.318","8"
"S1.Pyramidal.319","8"
"S1.Pyramidal.320","8"
"S1.Pyramidal.321","8"
"S1.Pyramidal.322","8"
"S1.Pyramidal.323","8"
"S1.Pyramidal.324","8"
"S1.Pyramidal.325","8"
"S1.Pyramidal.326","8"
"S1.Pyramidal.327","8"
"S1.Pyramidal.328","8"
"S1.Pyramidal.329","8"
"S1.Pyramidal.330","8"
"S1.Pyramidal.331","8"
"S1.Pyramidal.332","8"
"S1.Pyramidal.333","8"
"S1.Pyramidal.334","8"
"S1.Pyramidal.335","8"
"S1.Pyramidal.336","8"
"S1.Pyramidal.337","8"
"S1.Pyramidal.338","8"
"S1.Pyramidal.339","8"
"S1.Pyramidal.340","8"
"S1.Pyramidal.341","8"
"S1.Pyramidal.342","8"
"S1.Pyramidal.343","8"
"S1.Pyramidal.344","8"
"S1.Pyramidal.345","8"
"S1.Pyramidal.346","8"
"S1.Pyramidal.347","8"
"S1.Pyramidal.348","8"
"S1.Pyramidal.349","8"
"S1.Pyramidal.350","6"
"S1.Pyramidal.351","8"
"S1.Pyramidal.352","8"
"S1.Pyramidal.353","8"
"S1.Pyramidal.354","8"
"S1.Pyramidal.355","8"
"S1.Pyramidal.356","8"
"S1.Pyramidal.357","8"
"S1.Pyramidal.358","8"
"S1.Pyramidal.359","8"
"S1.Pyramidal.360","8"
"S1.Pyramidal.361","8"
"S1.Pyramidal.362","8"
"S1.Pyramidal.363","8"
"S1.Pyramidal.364","8"
"S1.Pyramidal.365","8"
"S1.Pyramidal.366","8"
"S1.Pyramidal.367","8"
"S1.Pyramidal.368","8"
"S1.Pyramidal.369","8"
"S1.Pyramidal.370","8"
"S1.Pyramidal.371","8"
"S1.Pyramidal.372","8"
"S1.Pyramidal.373","8"
"S1.Pyramidal.374","8"
"S1.Pyramidal.375","8"
"S1.Pyramidal.376","8"
"S1.Pyramidal.377","8"
"S1.Pyramidal.378","8"
"S1.Pyramidal.379","8"
"S1.Pyramidal.380","8"
"S1.Pyramidal.381","8"
"S1.Pyramidal.382","8"
"S1.Pyramidal.383","8"
"S1.Pyramidal.384","8"
"S1.Pyramidal.385","8"
"S1.Pyramidal.386","8"
"S1.Pyramidal.387","8"
"S1.Pyramidal.388","8"
"S1.Pyramidal.389","8"
"CA1.Pyramidal","3"
"CA1.Pyramidal.1","18"
"CA1.Pyramidal.2","2"
"CA1.Pyramidal.3","3"
"CA1.Pyramidal.4","2"
"CA1.Pyramidal.5","3"
"CA1.Pyramidal.6","8"
"CA1.Pyramidal.7","3"
"CA1.Pyramidal.8","18"
"CA1.Pyramidal.9","2"
"CA1.Pyramidal.10","18"
"CA1.Pyramidal.11","18"
"CA1.Pyramidal.12","18"
"CA1.Pyramidal.13","3"
"CA1.Pyramidal.14","18"
"CA1.Pyramidal.15","6"
"CA1.Pyramidal.16","2"
"CA1.Pyramidal.17","3"
"CA1.Pyramidal.18","18"
"CA1.Pyramidal.19","18"
"CA1.Pyramidal.20","3"
"CA1.Pyramidal.21","24"
"CA1.Pyramidal.22","3"
"CA1.Pyramidal.23","18"
"CA1.Pyramidal.24","9"
"CA1.Pyramidal.25","3"
"CA1.Pyramidal.26","3"
"CA1.Pyramidal.27","6"
"CA1.Pyramidal.28","3"
"CA1.Pyramidal.29","23"
"CA1.Pyramidal.30","8"
"CA1.Pyramidal.31","8"
"CA1.Pyramidal.32","18"
"CA1.Pyramidal.33","23"
"CA1.Pyramidal.34","4"
"CA1.Pyramidal.35","18"
"CA1.Pyramidal.36","18"
"CA1.Pyramidal.37","18"
"CA1.Pyramidal.38","3"
"CA1.Pyramidal.39","3"
"CA1.Pyramidal.40","7"
"CA1.Pyramidal.41","3"
"CA1.Pyramidal.42","8"
"CA1.Pyramidal.43","18"
"CA1.Pyramidal.44","4"
"CA1.Pyramidal.45","8"
"CA1.Pyramidal.46","18"
"CA1.Pyramidal.47","6"
"CA1.Pyramidal.48","8"
"CA1.Pyramidal.49","8"
"CA1.Pyramidal.50","23"
"CA1.Pyramidal.51","8"
"CA1.Pyramidal.52","8"
"CA1.Pyramidal.53","8"
"CA1.Pyramidal.54","8"
"CA1.Pyramidal.55","3"
"CA1.Pyramidal.56","8"
"CA1.Pyramidal.57","8"
"CA1.Pyramidal.58","8"
"CA1.Pyramidal.59","3"
"CA1.Pyramidal.60","8"
"CA1.Pyramidal.61","8"
"CA1.Pyramidal.62","8"
"CA1.Pyramidal.63","8"
"CA1.Pyramidal.64","7"
"CA1.Pyramidal.65","8"
"CA1.Pyramidal.66","18"
"CA1.Pyramidal.67","18"
"CA1.Pyramidal.68","18"
"CA1.Pyramidal.69","4"
"CA1.Pyramidal.70","18"
"CA1.Pyramidal.71","18"
"CA1.Pyramidal.72","18"
"CA1.Pyramidal.73","4"
"CA1.Pyramidal.74","18"
"CA1.Pyramidal.75","18"
"CA1.Pyramidal.76","18"
"CA1.Pyramidal.77","4"
"CA1.Pyramidal.78","18"
"CA1.Pyramidal.79","18"
"CA1.Pyramidal.80","18"
"CA1.Pyramidal.81","18"
"CA1.Pyramidal.82","18"
"CA1.Pyramidal.83","18"
"CA1.Pyramidal.84","18"
"CA1.Pyramidal.85","18"
"CA1.Pyramidal.86","18"
"CA1.Pyramidal.87","18"
"CA1.Pyramidal.88","24"
"CA1.Pyramidal.89","4"
"CA1.Pyramidal.90","18"
"CA1.Pyramidal.91","3"
"CA1.Pyramidal.92","18"
"CA1.Pyramidal.93","3"
"CA1.Pyramidal.94","18"
"CA1.Pyramidal.95","18"
"CA1.Pyramidal.96","18"
"CA1.Pyramidal.97","18"
"CA1.Pyramidal.98","2"
"CA1.Pyramidal.99","18"
"CA1.Pyramidal.100","18"
"CA1.Pyramidal.101","3"
"CA1.Pyramidal.102","18"
"CA1.Pyramidal.103","18"
"CA1.Pyramidal.104","18"
"CA1.Pyramidal.105","18"
"CA1.Pyramidal.106","18"
"CA1.Pyramidal.107","18"
"CA1.Pyramidal.108","18"
"CA1.Pyramidal.109","3"
"CA1.Pyramidal.110","18"
"CA1.Pyramidal.111","18"
"CA1.Pyramidal.112","6"
"CA1.Pyramidal.113","18"
"CA1.Pyramidal.114","18"
"CA1.Pyramidal.115","3"
"CA1.Pyramidal.116","3"
"CA1.Pyramidal.117","2"
"CA1.Pyramidal.118","3"
"CA1.Pyramidal.119","2"
"CA1.Pyramidal.120","18"
"CA1.Pyramidal.121","18"
"CA1.Pyramidal.122","18"
"CA1.Pyramidal.123","18"
"CA1.Pyramidal.124","18"
"CA1.Pyramidal.125","3"
"CA1.Pyramidal.126","18"
"CA1.Pyramidal.127","18"
"CA1.Pyramidal.128","2"
"CA1.Pyramidal.129","3"
"CA1.Pyramidal.130","3"
"CA1.Pyramidal.131","2"
"CA1.Pyramidal.132","18"
"CA1.Pyramidal.133","3"
"CA1.Pyramidal.134","18"
"CA1.Pyramidal.135","3"
"CA1.Pyramidal.136","3"
"CA1.Pyramidal.137","18"
"CA1.Pyramidal.138","18"
"CA1.Pyramidal.139","18"
"CA1.Pyramidal.140","18"
"CA1.Pyramidal.141","18"
"CA1.Pyramidal.142","18"
"CA1.Pyramidal.143","18"
"CA1.Pyramidal.144","18"
"CA1.Pyramidal.145","18"
"CA1.Pyramidal.146","3"
"CA1.Pyramidal.147","18"
"CA1.Pyramidal.148","18"
"CA1.Pyramidal.149","18"
"CA1.Pyramidal.150","18"
"CA1.Pyramidal.151","18"
"CA1.Pyramidal.152","18"
"CA1.Pyramidal.153","18"
"CA1.Pyramidal.154","18"
"CA1.Pyramidal.155","18"
"CA1.Pyramidal.156","18"
"CA1.Pyramidal.157","18"
"CA1.Pyramidal.158","18"
"CA1.Pyramidal.159","18"
"CA1.Pyramidal.160","18"
"CA1.Pyramidal.161","18"
"CA1.Pyramidal.162","18"
"CA1.Pyramidal.163","18"
"CA1.Pyramidal.164","23"
"CA1.Pyramidal.165","18"
"CA1.Pyramidal.166","18"
"CA1.Pyramidal.167","18"
"CA1.Pyramidal.168","3"
"CA1.Pyramidal.169","18"
"CA1.Pyramidal.170","18"
"CA1.Pyramidal.171","18"
"CA1.Pyramidal.172","18"
"CA1.Pyramidal.173","18"
"CA1.Pyramidal.174","3"
"CA1.Pyramidal.175","18"
"CA1.Pyramidal.176","18"
"CA1.Pyramidal.177","3"
"CA1.Pyramidal.178","18"
"CA1.Pyramidal.179","3"
"CA1.Pyramidal.180","18"
"CA1.Pyramidal.181","18"
"CA1.Pyramidal.182","18"
"CA1.Pyramidal.183","4"
"CA1.Pyramidal.184","18"
"CA1.Pyramidal.185","18"
"CA1.Pyramidal.186","18"
"CA1.Pyramidal.187","18"
"CA1.Pyramidal.188","18"
"CA1.Pyramidal.189","18"
"CA1.Pyramidal.190","18"
"CA1.Pyramidal.191","18"
"CA1.Pyramidal.192","18"
"CA1.Pyramidal.193","18"
"CA1.Pyramidal.194","18"
"CA1.Pyramidal.195","3"
"CA1.Pyramidal.196","5"
"CA1.Pyramidal.197","3"
"CA1.Pyramidal.198","6"
"CA1.Pyramidal.199","6"
"CA1.Pyramidal.200","6"
"CA1.Pyramidal.201","5"
"CA1.Pyramidal.202","5"
"CA1.Pyramidal.203","5"
"CA1.Pyramidal.204","3"
"CA1.Pyramidal.205","5"
"CA1.Pyramidal.206","5"
"CA1.Pyramidal.207","5"
"CA1.Pyramidal.208","5"
"CA1.Pyramidal.209","3"
"CA1.Pyramidal.210","5"
"CA1.Pyramidal.211","3"
"CA1.Pyramidal.212","6"
"CA1.Pyramidal.213","3"
"CA1.Pyramidal.214","5"
"CA1.Pyramidal.215","3"
"CA1.Pyramidal.216","5"
"CA1.Pyramidal.217","3"
"CA1.Pyramidal.218","5"
"CA1.Pyramidal.219","3"
"CA1.Pyramidal.220","3"
"CA1.Pyramidal.221","3"
"CA1.Pyramidal.222","3"
"CA1.Pyramidal.223","3"
"CA1.Pyramidal.224","6"
"CA1.Pyramidal.225","3"
"CA1.Pyramidal.226","3"
"CA1.Pyramidal.227","6"
"CA1.Pyramidal.228","3"
"CA1.Pyramidal.229","6"
"CA1.Pyramidal.230","3"
"CA1.Pyramidal.231","6"
"CA1.Pyramidal.232","5"
"CA1.Pyramidal.233","3"
"CA1.Pyramidal.234","3"
"CA1.Pyramidal.235","3"
"CA1.Pyramidal.236","5"
"CA1.Pyramidal.237","16"
"CA1.Pyramidal.238","3"
"CA1.Pyramidal.239","6"
"CA1.Pyramidal.240","5"
"CA1.Pyramidal.241","3"
"CA1.Pyramidal.242","3"
"CA1.Pyramidal.243","3"
"CA1.Pyramidal.244","6"
"CA1.Pyramidal.245","3"
"CA1.Pyramidal.246","6"
"CA1.Pyramidal.247","3"
"CA1.Pyramidal.248","6"
"CA1.Pyramidal.249","3"
"CA1.Pyramidal.250","3"
"CA1.Pyramidal.251","6"
"CA1.Pyramidal.252","6"
"CA1.Pyramidal.253","3"
"CA1.Pyramidal.254","18"
"CA1.Pyramidal.255","6"
"CA1.Pyramidal.256","5"
"CA1.Pyramidal.257","6"
"CA1.Pyramidal.258","5"
"CA1.Pyramidal.259","4"
"CA1.Pyramidal.260","5"
"CA1.Pyramidal.261","5"
"CA1.Pyramidal.262","6"
"CA1.Pyramidal.263","5"
"CA1.Pyramidal.264","5"
"CA1.Pyramidal.265","6"
"CA1.Pyramidal.266","5"
"CA1.Pyramidal.267","5"
"CA1.Pyramidal.268","5"
"CA1.Pyramidal.269","5"
"CA1.Pyramidal.270","5"
"CA1.Pyramidal.271","5"
"CA1.Pyramidal.272","5"
"CA1.Pyramidal.273","5"
"CA1.Pyramidal.274","5"
"CA1.Pyramidal.275","5"
"CA1.Pyramidal.276","5"
"CA1.Pyramidal.277","6"
"CA1.Pyramidal.278","5"
"CA1.Pyramidal.279","5"
"CA1.Pyramidal.280","5"
"CA1.Pyramidal.281","5"
"CA1.Pyramidal.282","5"
"CA1.Pyramidal.283","5"
"CA1.Pyramidal.284","5"
"CA1.Pyramidal.285","5"
"CA1.Pyramidal.286","5"
"CA1.Pyramidal.287","5"
"CA1.Pyramidal.288","5"
"CA1.Pyramidal.289","5"
"CA1.Pyramidal.290","18"
"CA1.Pyramidal.291","5"
"CA1.Pyramidal.292","5"
"CA1.Pyramidal.293","18"
"CA1.Pyramidal.294","5"
"CA1.Pyramidal.295","5"
"CA1.Pyramidal.296","5"
"CA1.Pyramidal.297","5"
"CA1.Pyramidal.298","5"
"CA1.Pyramidal.299","5"
"CA1.Pyramidal.300","5"
"CA1.Pyramidal.301","5"
"CA1.Pyramidal.302","5"
"CA1.Pyramidal.303","6"
"CA1.Pyramidal.304","5"
"CA1.Pyramidal.305","5"
"CA1.Pyramidal.306","5"
"CA1.Pyramidal.307","3"
"CA1.Pyramidal.308","4"
"CA1.Pyramidal.309","5"
"CA1.Pyramidal.310","5"
"CA1.Pyramidal.311","5"
"CA1.Pyramidal.312","6"
"CA1.Pyramidal.313","18"
"CA1.Pyramidal.314","4"
"CA1.Pyramidal.315","6"
"CA1.Pyramidal.316","5"
"CA1.Pyramidal.317","18"
"CA1.Pyramidal.318","4"
"CA1.Pyramidal.319","2"
"CA1.Pyramidal.320","6"
"CA1.Pyramidal.321","5"
"CA1.Pyramidal.322","6"
"CA1.Pyramidal.323","4"
"CA1.Pyramidal.324","3"
"CA1.Pyramidal.325","18"
"CA1.Pyramidal.326","4"
"CA1.Pyramidal.327","3"
"CA1.Pyramidal.328","18"
"CA1.Pyramidal.329","18"
"CA1.Pyramidal.330","18"
"CA1.Pyramidal.331","6"
"CA1.Pyramidal.332","18"
"CA1.Pyramidal.333","6"
"CA1.Pyramidal.334","18"
"CA1.Pyramidal.335","18"
"CA1.Pyramidal.336","18"
"CA1.Pyramidal.337","18"
"CA1.Pyramidal.338","18"
"CA1.Pyramidal.339","4"
"CA1.Pyramidal.340","18"
"CA1.Pyramidal.341","18"
"CA1.Pyramidal.342","18"
"CA1.Pyramidal.343","18"
"CA1.Pyramidal.344","5"
"CA1.Pyramidal.345","18"
"CA1.Pyramidal.346","18"
"CA1.Pyramidal.347","18"
"CA1.Pyramidal.348","18"
"CA1.Pyramidal.349","18"
"CA1.Pyramidal.350","5"
"CA1.Pyramidal.351","3"
"CA1.Pyramidal.352","6"
"CA1.Pyramidal.353","5"
"CA1.Pyramidal.354","4"
"CA1.Pyramidal.355","6"
"CA1.Pyramidal.356","18"
"CA1.Pyramidal.357","18"
"CA1.Pyramidal.358","6"
"CA1.Pyramidal.359","18"
"CA1.Pyramidal.360","18"
"CA1.Pyramidal.361","18"
"CA1.Pyramidal.362","4"
"CA1.Pyramidal.363","2"
"CA1.Pyramidal.364","6"
"CA1.Pyramidal.365","18"
"CA1.Pyramidal.366","18"
"CA1.Pyramidal.367","2"
"CA1.Pyramidal.368","18"
"CA1.Pyramidal.369","18"
"CA1.Pyramidal.370","6"
"CA1.Pyramidal.371","6"
"CA1.Pyramidal.372","2"
"CA1.Pyramidal.373","2"
"CA1.Pyramidal.374","2"
"CA1.Pyramidal.375","18"
"CA1.Pyramidal.376","18"
"CA1.Pyramidal.377","18"
"CA1.Pyramidal.378","18"
"CA1.Pyramidal.379","18"
"CA1.Pyramidal.380","18"
"CA1.Pyramidal.381","3"
"CA1.Pyramidal.382","2"
"CA1.Pyramidal.383","6"
"CA1.Pyramidal.384","2"
"CA1.Pyramidal.385","18"
"CA1.Pyramidal.386","18"
"CA1.Pyramidal.387","18"
"CA1.Pyramidal.388","2"
"CA1.Pyramidal.389","6"
"CA1.Pyramidal.390","2"
"CA1.Pyramidal.391","18"
"CA1.Pyramidal.392","2"
"CA1.Pyramidal.393","2"
"CA1.Pyramidal.394","2"
"CA1.Pyramidal.395","18"
"CA1.Pyramidal.396","18"
"CA1.Pyramidal.397","2"
"CA1.Pyramidal.398","2"
"CA1.Pyramidal.399","2"
"CA1.Pyramidal.400","2"
"CA1.Pyramidal.401","2"
"CA1.Pyramidal.402","2"
"CA1.Pyramidal.403","2"
"CA1.Pyramidal.404","2"
"CA1.Pyramidal.405","2"
"CA1.Pyramidal.406","3"
"CA1.Pyramidal.407","3"
"CA1.Pyramidal.408","2"
"CA1.Pyramidal.409","2"
"CA1.Pyramidal.410","2"
"CA1.Pyramidal.411","2"
"CA1.Pyramidal.412","2"
"CA1.Pyramidal.413","2"
"CA1.Pyramidal.414","6"
"CA1.Pyramidal.415","2"
"CA1.Pyramidal.416","2"
"CA1.Pyramidal.417","2"
"CA1.Pyramidal.418","3"
"CA1.Pyramidal.419","2"
"CA1.Pyramidal.420","2"
"CA1.Pyramidal.421","3"
"CA1.Pyramidal.422","3"
"CA1.Pyramidal.423","2"
"CA1.Pyramidal.424","2"
"CA1.Pyramidal.425","2"
"CA1.Pyramidal.426","2"
"CA1.Pyramidal.427","18"
"CA1.Pyramidal.428","3"
"CA1.Pyramidal.429","2"
"CA1.Pyramidal.430","2"
"CA1.Pyramidal.431","2"
"CA1.Pyramidal.432","2"
"CA1.Pyramidal.433","2"
"CA1.Pyramidal.434","2"
"CA1.Pyramidal.435","2"
"CA1.Pyramidal.436","2"
"CA1.Pyramidal.437","2"
"CA1.Pyramidal.438","2"
"CA1.Pyramidal.439","2"
"CA1.Pyramidal.440","2"
"CA1.Pyramidal.441","2"
"CA1.Pyramidal.442","2"
"CA1.Pyramidal.443","2"
"CA1.Pyramidal.444","3"
"CA1.Pyramidal.445","6"
"CA1.Pyramidal.446","2"
"CA1.Pyramidal.447","18"
"CA1.Pyramidal.448","2"
"CA1.Pyramidal.449","2"
"CA1.Pyramidal.450","2"
"CA1.Pyramidal.451","2"
"CA1.Pyramidal.452","2"
"CA1.Pyramidal.453","2"
"CA1.Pyramidal.454","2"
"CA1.Pyramidal.455","2"
"CA1.Pyramidal.456","2"
"CA1.Pyramidal.457","2"
"CA1.Pyramidal.458","2"
"CA1.Pyramidal.459","2"
"CA1.Pyramidal.460","2"
"CA1.Pyramidal.461","2"
"CA1.Pyramidal.462","2"
"CA1.Pyramidal.463","2"
"CA1.Pyramidal.464","2"
"CA1.Pyramidal.465","6"
"CA1.Pyramidal.466","2"
"CA1.Pyramidal.467","2"
"CA1.Pyramidal.468","2"
"CA1.Pyramidal.469","2"
"CA1.Pyramidal.470","2"
"CA1.Pyramidal.471","2"
"CA1.Pyramidal.472","2"
"CA1.Pyramidal.473","2"
"CA1.Pyramidal.474","2"
"CA1.Pyramidal.475","2"
"CA1.Pyramidal.476","2"
"CA1.Pyramidal.477","2"
"CA1.Pyramidal.478","2"
"CA1.Pyramidal.479","2"
"CA1.Pyramidal.480","2"
"CA1.Pyramidal.481","2"
"CA1.Pyramidal.482","2"
"CA1.Pyramidal.483","2"
"CA1.Pyramidal.484","2"
"CA1.Pyramidal.485","2"
"CA1.Pyramidal.486","2"
"CA1.Pyramidal.487","2"
"CA1.Pyramidal.488","2"
"CA1.Pyramidal.489","2"
"CA1.Pyramidal.490","2"
"CA1.Pyramidal.491","2"
"CA1.Pyramidal.492","2"
"CA1.Pyramidal.493","2"
"CA1.Pyramidal.494","2"
"CA1.Pyramidal.495","2"
"CA1.Pyramidal.496","2"
"CA1.Pyramidal.497","2"
"CA1.Pyramidal.498","6"
"CA1.Pyramidal.499","2"
"CA1.Pyramidal.500","2"
"CA1.Pyramidal.501","2"
"CA1.Pyramidal.502","2"
"CA1.Pyramidal.503","2"
"CA1.Pyramidal.504","2"
"CA1.Pyramidal.505","2"
"CA1.Pyramidal.506","2"
"CA1.Pyramidal.507","2"
"CA1.Pyramidal.508","2"
"CA1.Pyramidal.509","2"
"CA1.Pyramidal.510","2"
"CA1.Pyramidal.511","2"
"CA1.Pyramidal.512","6"
"CA1.Pyramidal.513","2"
"CA1.Pyramidal.514","6"
"CA1.Pyramidal.515","5"
"CA1.Pyramidal.516","2"
"CA1.Pyramidal.517","2"
"CA1.Pyramidal.518","18"
"CA1.Pyramidal.519","6"
"CA1.Pyramidal.520","5"
"CA1.Pyramidal.521","2"
"CA1.Pyramidal.522","2"
"CA1.Pyramidal.523","5"
"CA1.Pyramidal.524","18"
"CA1.Pyramidal.525","2"
"CA1.Pyramidal.526","2"
"CA1.Pyramidal.527","2"
"CA1.Pyramidal.528","5"
"CA1.Pyramidal.529","5"
"CA1.Pyramidal.530","2"
"CA1.Pyramidal.531","5"
"CA1.Pyramidal.532","5"
"CA1.Pyramidal.533","5"
"CA1.Pyramidal.534","5"
"CA1.Pyramidal.535","5"
"CA1.Pyramidal.536","5"
"CA1.Pyramidal.537","5"
"CA1.Pyramidal.538","5"
"CA1.Pyramidal.539","5"
"CA1.Pyramidal.540","5"
"CA1.Pyramidal.541","6"
"CA1.Pyramidal.542","5"
"CA1.Pyramidal.543","5"
"CA1.Pyramidal.544","5"
"CA1.Pyramidal.545","5"
"CA1.Pyramidal.546","5"
"CA1.Pyramidal.547","5"
"CA1.Pyramidal.548","5"
"CA1.Pyramidal.549","5"
"CA1.Pyramidal.550","5"
"CA1.Pyramidal.551","5"
"CA1.Pyramidal.552","5"
"CA1.Pyramidal.553","5"
"CA1.Pyramidal.554","5"
"CA1.Pyramidal.555","5"
"CA1.Pyramidal.556","5"
"CA1.Pyramidal.557","5"
"CA1.Pyramidal.558","5"
"CA1.Pyramidal.559","5"
"CA1.Pyramidal.560","16"
"CA1.Pyramidal.561","5"
"CA1.Pyramidal.562","5"
"CA1.Pyramidal.563","5"
"CA1.Pyramidal.564","5"
"CA1.Pyramidal.565","5"
"CA1.Pyramidal.566","5"
"CA1.Pyramidal.567","5"
"CA1.Pyramidal.568","2"
"CA1.Pyramidal.569","5"
"CA1.Pyramidal.570","5"
"CA1.Pyramidal.571","2"
"CA1.Pyramidal.572","2"
"CA1.Pyramidal.573","6"
"CA1.Pyramidal.574","5"
"CA1.Pyramidal.575","5"
"CA1.Pyramidal.576","5"
"CA1.Pyramidal.577","5"
"CA1.Pyramidal.578","6"
"CA1.Pyramidal.579","5"
"CA1.Pyramidal.580","5"
"CA1.Pyramidal.581","5"
"CA1.Pyramidal.582","5"
"CA1.Pyramidal.583","2"
"CA1.Pyramidal.584","5"
"CA1.Pyramidal.585","6"
"CA1.Pyramidal.586","5"
"CA1.Pyramidal.587","5"
"CA1.Pyramidal.588","6"
"CA1.Pyramidal.589","5"
"CA1.Pyramidal.590","5"
"CA1.Pyramidal.591","5"
"CA1.Pyramidal.592","5"
"CA1.Pyramidal.593","5"
"CA1.Pyramidal.594","5"
"CA1.Pyramidal.595","6"
"CA1.Pyramidal.596","2"
"CA1.Pyramidal.597","6"
"CA1.Pyramidal.598","6"
"CA1.Pyramidal.599","5"
"CA1.Pyramidal.600","2"
"CA1.Pyramidal.601","18"
"CA1.Pyramidal.602","5"
"CA1.Pyramidal.603","5"
"CA1.Pyramidal.604","5"
"CA1.Pyramidal.605","5"
"CA1.Pyramidal.606","2"
"CA1.Pyramidal.607","2"
"CA1.Pyramidal.608","5"
"CA1.Pyramidal.609","5"
"CA1.Pyramidal.610","6"
"CA1.Pyramidal.611","5"
"CA1.Pyramidal.612","5"
"CA1.Pyramidal.613","5"
"CA1.Pyramidal.614","2"
"CA1.Pyramidal.615","5"
"CA1.Pyramidal.616","6"
"CA1.Pyramidal.617","3"
"CA1.Pyramidal.618","5"
"CA1.Pyramidal.619","3"
"CA1.Pyramidal.620","5"
"CA1.Pyramidal.621","5"
"CA1.Pyramidal.622","5"
"CA1.Pyramidal.623","6"
"CA1.Pyramidal.624","5"
"CA1.Pyramidal.625","5"
"CA1.Pyramidal.626","5"
"CA1.Pyramidal.627","5"
"CA1.Pyramidal.628","5"
"CA1.Pyramidal.629","5"
"CA1.Pyramidal.630","5"
"CA1.Pyramidal.631","5"
"CA1.Pyramidal.632","5"
"CA1.Pyramidal.633","5"
"CA1.Pyramidal.634","6"
"CA1.Pyramidal.635","5"
"CA1.Pyramidal.636","5"
"CA1.Pyramidal.637","5"
"CA1.Pyramidal.638","5"
"CA1.Pyramidal.639","5"
"CA1.Pyramidal.640","5"
"CA1.Pyramidal.641","5"
"CA1.Pyramidal.642","5"
"CA1.Pyramidal.643","5"
"CA1.Pyramidal.644","5"
"CA1.Pyramidal.645","5"
"CA1.Pyramidal.646","6"
"CA1.Pyramidal.647","5"
"CA1.Pyramidal.648","5"
"CA1.Pyramidal.649","5"
"CA1.Pyramidal.650","5"
"CA1.Pyramidal.651","5"
"CA1.Pyramidal.652","5"
"CA1.Pyramidal.653","5"
"CA1.Pyramidal.654","5"
"CA1.Pyramidal.655","5"
"CA1.Pyramidal.656","5"
"CA1.Pyramidal.657","5"
"CA1.Pyramidal.658","5"
"CA1.Pyramidal.659","5"
"CA1.Pyramidal.660","5"
"CA1.Pyramidal.661","5"
"CA1.Pyramidal.662","5"
"CA1.Pyramidal.663","5"
"CA1.Pyramidal.664","5"
"CA1.Pyramidal.665","3"
"CA1.Pyramidal.666","3"
"CA1.Pyramidal.667","3"
"CA1.Pyramidal.668","3"
"CA1.Pyramidal.669","3"
"CA1.Pyramidal.670","3"
"CA1.Pyramidal.671","3"
"CA1.Pyramidal.672","3"
"CA1.Pyramidal.673","3"
"CA1.Pyramidal.674","3"
"CA1.Pyramidal.675","3"
"CA1.Pyramidal.676","3"
"CA1.Pyramidal.677","3"
"CA1.Pyramidal.678","3"
"CA1.Pyramidal.679","3"
"CA1.Pyramidal.680","3"
"CA1.Pyramidal.681","2"
"CA1.Pyramidal.682","2"
"CA1.Pyramidal.683","2"
"CA1.Pyramidal.684","3"
"CA1.Pyramidal.685","3"
"CA1.Pyramidal.686","2"
"CA1.Pyramidal.687","3"
"CA1.Pyramidal.688","3"
"CA1.Pyramidal.689","2"
"CA1.Pyramidal.690","2"
"CA1.Pyramidal.691","2"
"CA1.Pyramidal.692","18"
"CA1.Pyramidal.693","18"
"CA1.Pyramidal.694","3"
"CA1.Pyramidal.695","3"
"CA1.Pyramidal.696","3"
"CA1.Pyramidal.697","3"
"CA1.Pyramidal.698","3"
"CA1.Pyramidal.699","3"
"CA1.Pyramidal.700","3"
"CA1.Pyramidal.701","3"
"CA1.Pyramidal.702","3"
"CA1.Pyramidal.703","3"
"CA1.Pyramidal.704","3"
"CA1.Pyramidal.705","3"
"CA1.Pyramidal.706","3"
"CA1.Pyramidal.707","3"
"CA1.Pyramidal.708","3"
"CA1.Pyramidal.709","3"
"CA1.Pyramidal.710","3"
"CA1.Pyramidal.711","2"
"CA1.Pyramidal.712","2"
"CA1.Pyramidal.713","3"
"CA1.Pyramidal.714","3"
"CA1.Pyramidal.715","2"
"CA1.Pyramidal.716","2"
"CA1.Pyramidal.717","2"
"CA1.Pyramidal.718","2"
"CA1.Pyramidal.719","6"
"CA1.Pyramidal.720","2"
"CA1.Pyramidal.721","6"
"CA1.Pyramidal.722","3"
"CA1.Pyramidal.723","3"
"CA1.Pyramidal.724","2"
"CA1.Pyramidal.725","3"
"CA1.Pyramidal.726","3"
"CA1.Pyramidal.727","3"
"CA1.Pyramidal.728","3"
"CA1.Pyramidal.729","2"
"CA1.Pyramidal.730","3"
"CA1.Pyramidal.731","3"
"CA1.Pyramidal.732","2"
"CA1.Pyramidal.733","18"
"CA1.Pyramidal.734","2"
"CA1.Pyramidal.735","2"
"CA1.Pyramidal.736","2"
"CA1.Pyramidal.737","2"
"CA1.Pyramidal.738","2"
"CA1.Pyramidal.739","2"
"CA1.Pyramidal.740","2"
"CA1.Pyramidal.741","2"
"CA1.Pyramidal.742","2"
"CA1.Pyramidal.743","18"
"CA1.Pyramidal.744","6"
"CA1.Pyramidal.745","6"
"CA1.Pyramidal.746","6"
"CA1.Pyramidal.747","2"
"CA1.Pyramidal.748","3"
"CA1.Pyramidal.749","3"
"CA1.Pyramidal.750","6"
"CA1.Pyramidal.751","3"
"CA1.Pyramidal.752","3"
"CA1.Pyramidal.753","2"
"CA1.Pyramidal.754","3"
"CA1.Pyramidal.755","2"
"CA1.Pyramidal.756","2"
"CA1.Pyramidal.757","2"
"CA1.Pyramidal.758","2"
"CA1.Pyramidal.759","2"
"CA1.Pyramidal.760","3"
"CA1.Pyramidal.761","2"
"CA1.Pyramidal.762","2"
"CA1.Pyramidal.763","2"
"CA1.Pyramidal.764","2"
"CA1.Pyramidal.765","2"
"CA1.Pyramidal.766","2"
"CA1.Pyramidal.767","3"
"CA1.Pyramidal.768","2"
"CA1.Pyramidal.769","2"
"CA1.Pyramidal.770","6"
"CA1.Pyramidal.771","3"
"CA1.Pyramidal.772","3"
"CA1.Pyramidal.773","6"
"CA1.Pyramidal.774","3"
"CA1.Pyramidal.775","3"
"CA1.Pyramidal.776","3"
"CA1.Pyramidal.777","2"
"CA1.Pyramidal.778","3"
"CA1.Pyramidal.779","2"
"CA1.Pyramidal.780","2"
"CA1.Pyramidal.781","2"
"CA1.Pyramidal.782","2"
"CA1.Pyramidal.783","2"
"CA1.Pyramidal.784","2"
"CA1.Pyramidal.785","2"
"CA1.Pyramidal.786","2"
"CA1.Pyramidal.787","2"
"CA1.Pyramidal.788","2"
"CA1.Pyramidal.789","2"
"CA1.Pyramidal.790","2"
"CA1.Pyramidal.791","2"
"CA1.Pyramidal.792","2"
"CA1.Pyramidal.793","2"
"CA1.Pyramidal.794","2"
"CA1.Pyramidal.795","2"
"CA1.Pyramidal.796","6"
"CA1.Pyramidal.797","6"
"CA1.Pyramidal.798","2"
"CA1.Pyramidal.799","2"
"CA1.Pyramidal.800","2"
"CA1.Pyramidal.801","6"
"CA1.Pyramidal.802","6"
"CA1.Pyramidal.803","2"
"CA1.Pyramidal.804","4"
"CA1.Pyramidal.805","2"
"CA1.Pyramidal.806","2"
"CA1.Pyramidal.807","2"
"CA1.Pyramidal.808","2"
"CA1.Pyramidal.809","2"
"CA1.Pyramidal.810","2"
"CA1.Pyramidal.811","2"
"CA1.Pyramidal.812","2"
"CA1.Pyramidal.813","2"
"CA1.Pyramidal.814","2"
"CA1.Pyramidal.815","2"
"CA1.Pyramidal.816","2"
"CA1.Pyramidal.817","2"
"CA1.Pyramidal.818","2"
"CA1.Pyramidal.819","2"
"CA1.Pyramidal.820","6"
"CA1.Pyramidal.821","2"
"CA1.Pyramidal.822","6"
"CA1.Pyramidal.823","6"
"CA1.Pyramidal.824","6"
"CA1.Pyramidal.825","6"
"CA1.Pyramidal.826","6"
"CA1.Pyramidal.827","2"
"CA1.Pyramidal.828","2"
"CA1.Pyramidal.829","6"
"CA1.Pyramidal.830","6"
"CA1.Pyramidal.831","2"
"CA1.Pyramidal.832","2"
"CA1.Pyramidal.833","2"
"CA1.Pyramidal.834","2"
"CA1.Pyramidal.835","2"
"CA1.Pyramidal.836","2"
"CA1.Pyramidal.837","2"
"CA1.Pyramidal.838","2"
"CA1.Pyramidal.839","2"
"CA1.Pyramidal.840","4"
"CA1.Pyramidal.841","2"
"CA1.Pyramidal.842","2"
"CA1.Pyramidal.843","2"
"CA1.Pyramidal.844","2"
"CA1.Pyramidal.845","6"
"CA1.Pyramidal.846","2"
"CA1.Pyramidal.847","6"
"CA1.Pyramidal.848","2"
"CA1.Pyramidal.849","2"
"CA1.Pyramidal.850","4"
"CA1.Pyramidal.851","6"
"CA1.Pyramidal.852","6"
"CA1.Pyramidal.853","18"
"CA1.Pyramidal.854","2"
"CA1.Pyramidal.855","2"
"CA1.Pyramidal.856","2"
"CA1.Pyramidal.857","2"
"CA1.Pyramidal.858","2"
"CA1.Pyramidal.859","2"
"CA1.Pyramidal.860","2"
"CA1.Pyramidal.861","6"
"CA1.Pyramidal.862","2"
"CA1.Pyramidal.863","2"
"CA1.Pyramidal.864","6"
"CA1.Pyramidal.865","6"
"CA1.Pyramidal.866","6"
"CA1.Pyramidal.867","2"
"CA1.Pyramidal.868","18"
"CA1.Pyramidal.869","2"
"CA1.Pyramidal.870","2"
"CA1.Pyramidal.871","2"
"CA1.Pyramidal.872","2"
"CA1.Pyramidal.873","2"
"CA1.Pyramidal.874","2"
"CA1.Pyramidal.875","2"
"CA1.Pyramidal.876","2"
"CA1.Pyramidal.877","2"
"CA1.Pyramidal.878","2"
"CA1.Pyramidal.879","2"
"CA1.Pyramidal.880","6"
"CA1.Pyramidal.881","2"
"CA1.Pyramidal.882","2"
"CA1.Pyramidal.883","6"
"CA1.Pyramidal.884","5"
"CA1.Pyramidal.885","3"
"CA1.Pyramidal.886","6"
"CA1.Pyramidal.887","6"
"CA1.Pyramidal.888","2"
"CA1.Pyramidal.889","2"
"CA1.Pyramidal.890","2"
"CA1.Pyramidal.891","2"
"CA1.Pyramidal.892","2"
"CA1.Pyramidal.893","6"
"CA1.Pyramidal.894","6"
"CA1.Pyramidal.895","3"
"CA1.Pyramidal.896","2"
"CA1.Pyramidal.897","2"
"CA1.Pyramidal.898","2"
"CA1.Pyramidal.899","2"
"CA1.Pyramidal.900","5"
"CA1.Pyramidal.901","5"
"CA1.Pyramidal.902","2"
"CA1.Pyramidal.903","2"
"CA1.Pyramidal.904","6"
"CA1.Pyramidal.905","6"
"CA1.Pyramidal.906","6"
"CA1.Pyramidal.907","2"
"CA1.Pyramidal.908","2"
"CA1.Pyramidal.909","2"
"CA1.Pyramidal.910","2"
"CA1.Pyramidal.911","2"
"CA1.Pyramidal.912","2"
"CA1.Pyramidal.913","6"
"CA1.Pyramidal.914","5"
"CA1.Pyramidal.915","6"
"CA1.Pyramidal.916","2"
"CA1.Pyramidal.917","6"
"CA1.Pyramidal.918","6"
"CA1.Pyramidal.919","5"
"CA1.Pyramidal.920","6"
"CA1.Pyramidal.921","2"
"CA1.Pyramidal.922","2"
"CA1.Pyramidal.923","2"
"CA1.Pyramidal.924","2"
"CA1.Pyramidal.925","2"
"CA1.Pyramidal.926","6"
"CA1.Pyramidal.927","2"
"CA1.Pyramidal.928","6"
"CA1.Pyramidal.929","6"
"CA1.Pyramidal.930","6"
"CA1.Pyramidal.931","6"
"CA1.Pyramidal.932","6"
"CA1.Pyramidal.933","5"
"CA1.Pyramidal.934","2"
"CA1.Pyramidal.935","5"
"CA1.Pyramidal.936","2"
"CA1.Pyramidal.937","2"
"CA1.Pyramidal.938","6"
"CA1.Pyramidal.939","5"
"CA1.Pyramidal.940","6"
"CA1.Pyramidal.941","6"
"CA1.Pyramidal.942","6"
"CA1.Pyramidal.943","5"
"CA1.Pyramidal.944","6"
"CA1.Pyramidal.945","5"
"CA1.Pyramidal.946","2"
"CA1.Pyramidal.947","6"
"Oligodendrocytes","9"
"Oligodendrocytes.1","9"
"Oligodendrocytes.2","9"
"Oligodendrocytes.3","9"
"Oligodendrocytes.4","9"
"Oligodendrocytes.5","9"
"Oligodendrocytes.6","9"
"Oligodendrocytes.7","9"
"Oligodendrocytes.8","9"
"Oligodendrocytes.9","9"
"Oligodendrocytes.10","9"
"Oligodendrocytes.11","9"
"Oligodendrocytes.12","9"
"Oligodendrocytes.13","9"
"Oligodendrocytes.14","9"
"Oligodendrocytes.15","9"
"Oligodendrocytes.16","9"
"Oligodendrocytes.17","9"
"Oligodendrocytes.18","9"
"Oligodendrocytes.19","9"
"Oligodendrocytes.20","9"
"Oligodendrocytes.21","11"
"Oligodendrocytes.22","9"
"Oligodendrocytes.23","9"
"Oligodendrocytes.24","9"
"Oligodendrocytes.25","9"
"Oligodendrocytes.26","9"
"Oligodendrocytes.27","9"
"Oligodendrocytes.28","9"
"Oligodendrocytes.29","9"
"Oligodendrocytes.30","9"
"Oligodendrocytes.31","9"
"Oligodendrocytes.32","9"
"Oligodendrocytes.33","9"
"Oligodendrocytes.34","9"
"Oligodendrocytes.35","9"
"Oligodendrocytes.36","9"
"Oligodendrocytes.37","11"
"Oligodendrocytes.38","9"
"Oligodendrocytes.39","9"
"Oligodendrocytes.40","9"
"Oligodendrocytes.41","9"
"Oligodendrocytes.42","9"
"Oligodendrocytes.43","9"
"Oligodendrocytes.44","9"
"Oligodendrocytes.45","9"
"Oligodendrocytes.46","9"
"Oligodendrocytes.47","9"
"Oligodendrocytes.48","9"
"Oligodendrocytes.49","9"
"Oligodendrocytes.50","9"
"Oligodendrocytes.51","23"
"Oligodendrocytes.52","9"
"Oligodendrocytes.53","9"
"Oligodendrocytes.54","9"
"Oligodendrocytes.55","9"
"Oligodendrocytes.56","9"
"Oligodendrocytes.57","9"
"Oligodendrocytes.58","9"
"Oligodendrocytes.59","9"
"Oligodendrocytes.60","9"
"Oligodendrocytes.61","9"
"Oligodendrocytes.62","9"
"Oligodendrocytes.63","9"
"Oligodendrocytes.64","9"
"Oligodendrocytes.65","9"
"Oligodendrocytes.66","9"
"Oligodendrocytes.67","9"
"Oligodendrocytes.68","9"
"Oligodendrocytes.69","9"
"Oligodendrocytes.70","23"
"Oligodendrocytes.71","9"
"Oligodendrocytes.72","9"
"Oligodendrocytes.73","9"
"Oligodendrocytes.74","9"
"Oligodendrocytes.75","9"
"Oligodendrocytes.76","9"
"Oligodendrocytes.77","9"
"Oligodendrocytes.78","9"
"Oligodendrocytes.79","9"
"Oligodendrocytes.80","9"
"Oligodendrocytes.81","9"
"Oligodendrocytes.82","1"
"Oligodendrocytes.83","9"
"Oligodendrocytes.84","11"
"Oligodendrocytes.85","9"
"Oligodendrocytes.86","9"
"Oligodendrocytes.87","9"
"Oligodendrocytes.88","9"
"Oligodendrocytes.89","1"
"Oligodendrocytes.90","9"
"Oligodendrocytes.91","1"
"Oligodendrocytes.92","9"
"Oligodendrocytes.93","9"
"Oligodendrocytes.94","9"
"Oligodendrocytes.95","1"
"Oligodendrocytes.96","1"
"Oligodendrocytes.97","9"
"Oligodendrocytes.98","1"
"Oligodendrocytes.99","9"
"Oligodendrocytes.100","9"
"Oligodendrocytes.101","9"
"Oligodendrocytes.102","11"
"Oligodendrocytes.103","9"
"Oligodendrocytes.104","9"
"Oligodendrocytes.105","9"
"Oligodendrocytes.106","9"
"Oligodendrocytes.107","9"
"Oligodendrocytes.108","9"
"Oligodendrocytes.109","9"
"Oligodendrocytes.110","9"
"Oligodendrocytes.111","9"
"Oligodendrocytes.112","9"
"Oligodendrocytes.113","9"
"Oligodendrocytes.114","9"
"Oligodendrocytes.115","4"
"Oligodendrocytes.116","8"
"Oligodendrocytes.117","9"
"Oligodendrocytes.118","9"
"Oligodendrocytes.119","9"
"Oligodendrocytes.120","9"
"Oligodendrocytes.121","9"
"Oligodendrocytes.122","9"
"Oligodendrocytes.123","9"
"Oligodendrocytes.124","9"
"Oligodendrocytes.125","9"
"Oligodendrocytes.126","9"
"Oligodendrocytes.127","9"
"Oligodendrocytes.128","9"
"Oligodendrocytes.129","9"
"Oligodendrocytes.130","9"
"Oligodendrocytes.131","9"
"Oligodendrocytes.132","9"
"Oligodendrocytes.133","1"
"Oligodendrocytes.134","1"
"Oligodendrocytes.135","1"
"Oligodendrocytes.136","1"
"Oligodendrocytes.137","1"
"Oligodendrocytes.138","11"
"Oligodendrocytes.139","1"
"Oligodendrocytes.140","1"
"Oligodendrocytes.141","9"
"Oligodendrocytes.142","14"
"Oligodendrocytes.143","11"
"Oligodendrocytes.144","1"
"Oligodendrocytes.145","1"
"Oligodendrocytes.146","1"
"Oligodendrocytes.147","17"
"Oligodendrocytes.148","1"
"Oligodendrocytes.149","1"
"Oligodendrocytes.150","1"
"Oligodendrocytes.151","1"
"Oligodendrocytes.152","1"
"Oligodendrocytes.153","1"
"Oligodendrocytes.154","1"
"Oligodendrocytes.155","1"
"Oligodendrocytes.156","1"
"Oligodendrocytes.157","8"
"Oligodendrocytes.158","1"
"Oligodendrocytes.159","1"
"Oligodendrocytes.160","1"
"Oligodendrocytes.161","1"
"Oligodendrocytes.162","1"
"Oligodendrocytes.163","1"
"Oligodendrocytes.164","8"
"Oligodendrocytes.165","1"
"Oligodendrocytes.166","1"
"Oligodendrocytes.167","1"
"Oligodendrocytes.168","1"
"Oligodendrocytes.169","1"
"Oligodendrocytes.170","1"
"Oligodendrocytes.171","1"
"Oligodendrocytes.172","1"
"Oligodendrocytes.173","1"
"Oligodendrocytes.174","1"
"Oligodendrocytes.175","13"
"Oligodendrocytes.176","1"
"Oligodendrocytes.177","1"
"Oligodendrocytes.178","1"
"Oligodendrocytes.179","1"
"Oligodendrocytes.180","1"
"Oligodendrocytes.181","1"
"Oligodendrocytes.182","1"
"Oligodendrocytes.183","1"
"Oligodendrocytes.184","8"
"Oligodendrocytes.185","8"
"Oligodendrocytes.186","1"
"Oligodendrocytes.187","1"
"Oligodendrocytes.188","1"
"Oligodendrocytes.189","1"
"Oligodendrocytes.190","1"
"Oligodendrocytes.191","1"
"Oligodendrocytes.192","1"
"Oligodendrocytes.193","1"
"Oligodendrocytes.194","1"
"Oligodendrocytes.195","1"
"Oligodendrocytes.196","1"
"Oligodendrocytes.197","1"
"Oligodendrocytes.198","1"
"Oligodendrocytes.199","1"
"Oligodendrocytes.200","1"
"Oligodendrocytes.201","1"
"Oligodendrocytes.202","1"
"Oligodendrocytes.203","1"
"Oligodendrocytes.204","1"
"Oligodendrocytes.205","1"
"Oligodendrocytes.206","1"
"Oligodendrocytes.207","1"
"Oligodendrocytes.208","1"
"Oligodendrocytes.209","1"
"Oligodendrocytes.210","1"
"Oligodendrocytes.211","1"
"Oligodendrocytes.212","1"
"Oligodendrocytes.213","1"
"Oligodendrocytes.214","1"
"Oligodendrocytes.215","1"
"Oligodendrocytes.216","1"
"Oligodendrocytes.217","1"
"Oligodendrocytes.218","1"
"Oligodendrocytes.219","1"
"Oligodendrocytes.220","1"
"Oligodendrocytes.221","1"
"Oligodendrocytes.222","1"
"Oligodendrocytes.223","1"
"Oligodendrocytes.224","1"
"Oligodendrocytes.225","1"
"Oligodendrocytes.226","11"
"Oligodendrocytes.227","1"
"Oligodendrocytes.228","1"
"Oligodendrocytes.229","1"
"Oligodendrocytes.230","1"
"Oligodendrocytes.231","1"
"Oligodendrocytes.232","1"
"Oligodendrocytes.233","1"
"Oligodendrocytes.234","1"
"Oligodendrocytes.235","8"
"Oligodendrocytes.236","1"
"Oligodendrocytes.237","1"
"Oligodendrocytes.238","1"
"Oligodendrocytes.239","1"
"Oligodendrocytes.240","1"
"Oligodendrocytes.241","1"
"Oligodendrocytes.242","1"
"Oligodendrocytes.243","11"
"Oligodendrocytes.244","1"
"Oligodendrocytes.245","1"
"Oligodendrocytes.246","1"
"Oligodendrocytes.247","11"
"Oligodendrocytes.248","1"
"Oligodendrocytes.249","1"
"Oligodendrocytes.250","1"
"Oligodendrocytes.251","1"
"Oligodendrocytes.252","1"
"Oligodendrocytes.253","1"
"Oligodendrocytes.254","11"
"Oligodendrocytes.255","11"
"Oligodendrocytes.256","1"
"Oligodendrocytes.257","1"
"Oligodendrocytes.258","1"
"Oligodendrocytes.259","11"
"Oligodendrocytes.260","11"
"Oligodendrocytes.261","1"
"Oligodendrocytes.262","1"
"Oligodendrocytes.263","11"
"Oligodendrocytes.264","1"
"Oligodendrocytes.265","1"
"Oligodendrocytes.266","1"
"Oligodendrocytes.267","13"
"Oligodendrocytes.268","12"
"Oligodendrocytes.269","1"
"Oligodendrocytes.270","1"
"Oligodendrocytes.271","6"
"Oligodendrocytes.272","1"
"Oligodendrocytes.273","1"
"Oligodendrocytes.274","11"
"Oligodendrocytes.275","1"
"Oligodendrocytes.276","11"
"Oligodendrocytes.277","1"
"Oligodendrocytes.278","1"
"Oligodendrocytes.279","1"
"Oligodendrocytes.280","1"
"Oligodendrocytes.281","11"
"Oligodendrocytes.282","1"
"Oligodendrocytes.283","1"
"Oligodendrocytes.284","1"
"Oligodendrocytes.285","1"
"Oligodendrocytes.286","1"
"Oligodendrocytes.287","1"
"Oligodendrocytes.288","1"
"Oligodendrocytes.289","1"
"Oligodendrocytes.290","1"
"Oligodendrocytes.291","1"
"Oligodendrocytes.292","11"
"Oligodendrocytes.293","1"
"Oligodendrocytes.294","1"
"Oligodendrocytes.295","1"
"Oligodendrocytes.296","1"
"Oligodendrocytes.297","1"
"Oligodendrocytes.298","1"
"Oligodendrocytes.299","1"
"Oligodendrocytes.300","1"
"Oligodendrocytes.301","1"
"Oligodendrocytes.302","12"
"Oligodendrocytes.303","1"
"Oligodendrocytes.304","1"
"Oligodendrocytes.305","1"
"Oligodendrocytes.306","1"
"Oligodendrocytes.307","1"
"Oligodendrocytes.308","1"
"Oligodendrocytes.309","1"
"Oligodendrocytes.310","1"
"Oligodendrocytes.311","13"
"Oligodendrocytes.312","1"
"Oligodendrocytes.313","1"
"Oligodendrocytes.314","1"
"Oligodendrocytes.315","1"
"Oligodendrocytes.316","1"
"Oligodendrocytes.317","1"
"Oligodendrocytes.318","1"
"Oligodendrocytes.319","1"
"Oligodendrocytes.320","1"
"Oligodendrocytes.321","17"
"Oligodendrocytes.322","1"
"Oligodendrocytes.323","1"
"Oligodendrocytes.324","1"
"Oligodendrocytes.325","1"
"Oligodendrocytes.326","1"
"Oligodendrocytes.327","1"
"Oligodendrocytes.328","1"
"Oligodendrocytes.329","1"
"Oligodendrocytes.330","1"
"Oligodendrocytes.331","1"
"Oligodendrocytes.332","1"
"Oligodendrocytes.333","1"
"Oligodendrocytes.334","1"
"Oligodendrocytes.335","1"
"Oligodendrocytes.336","1"
"Oligodendrocytes.337","1"
"Oligodendrocytes.338","1"
"Oligodendrocytes.339","1"
"Oligodendrocytes.340","1"
"Oligodendrocytes.341","1"
"Oligodendrocytes.342","1"
"Oligodendrocytes.343","1"
"Oligodendrocytes.344","8"
"Oligodendrocytes.345","1"
"Oligodendrocytes.346","1"
"Oligodendrocytes.347","1"
"Oligodendrocytes.348","1"
"Oligodendrocytes.349","1"
"Oligodendrocytes.350","1"
"Oligodendrocytes.351","1"
"Oligodendrocytes.352","1"
"Oligodendrocytes.353","1"
"Oligodendrocytes.354","1"
"Oligodendrocytes.355","1"
"Oligodendrocytes.356","1"
"Oligodendrocytes.357","8"
"Oligodendrocytes.358","1"
"Oligodendrocytes.359","1"
"Oligodendrocytes.360","1"
"Oligodendrocytes.361","1"
"Oligodendrocytes.362","1"
"Oligodendrocytes.363","1"
"Oligodendrocytes.364","1"
"Oligodendrocytes.365","1"
"Oligodendrocytes.366","1"
"Oligodendrocytes.367","1"
"Oligodendrocytes.368","1"
"Oligodendrocytes.369","1"
"Oligodendrocytes.370","1"
"Oligodendrocytes.371","1"
"Oligodendrocytes.372","1"
"Oligodendrocytes.373","1"
"Oligodendrocytes.374","23"
"Oligodendrocytes.375","12"
"Oligodendrocytes.376","1"
"Oligodendrocytes.377","1"
"Oligodendrocytes.378","1"
"Oligodendrocytes.379","1"
"Oligodendrocytes.380","1"
"Oligodendrocytes.381","1"
"Oligodendrocytes.382","1"
"Oligodendrocytes.383","1"
"Oligodendrocytes.384","1"
"Oligodendrocytes.385","1"
"Oligodendrocytes.386","1"
"Oligodendrocytes.387","1"
"Oligodendrocytes.388","1"
"Oligodendrocytes.389","1"
"Oligodendrocytes.390","1"
"Oligodendrocytes.391","1"
"Oligodendrocytes.392","1"
"Oligodendrocytes.393","1"
"Oligodendrocytes.394","1"
"Oligodendrocytes.395","1"
"Oligodendrocytes.396","1"
"Oligodendrocytes.397","1"
"Oligodendrocytes.398","1"
"Oligodendrocytes.399","1"
"Oligodendrocytes.400","8"
"Oligodendrocytes.401","1"
"Oligodendrocytes.402","1"
"Oligodendrocytes.403","1"
"Oligodendrocytes.404","1"
"Oligodendrocytes.405","8"
"Oligodendrocytes.406","8"
"Oligodendrocytes.407","1"
"Oligodendrocytes.408","1"
"Oligodendrocytes.409","1"
"Oligodendrocytes.410","8"
"Oligodendrocytes.411","1"
"Oligodendrocytes.412","8"
"Oligodendrocytes.413","1"
"Oligodendrocytes.414","1"
"Oligodendrocytes.415","1"
"Oligodendrocytes.416","1"
"Oligodendrocytes.417","1"
"Oligodendrocytes.418","1"
"Oligodendrocytes.419","1"
"Oligodendrocytes.420","1"
"Oligodendrocytes.421","1"
"Oligodendrocytes.422","1"
"Oligodendrocytes.423","1"
"Oligodendrocytes.424","1"
"Oligodendrocytes.425","1"
"Oligodendrocytes.426","1"
"Oligodendrocytes.427","1"
"Oligodendrocytes.428","1"
"Oligodendrocytes.429","1"
"Oligodendrocytes.430","1"
"Oligodendrocytes.431","1"
"Oligodendrocytes.432","1"
"Oligodendrocytes.433","1"
"Oligodendrocytes.434","1"
"Oligodendrocytes.435","1"
"Oligodendrocytes.436","1"
"Oligodendrocytes.437","12"
"Oligodendrocytes.438","10"
"Oligodendrocytes.439","1"
"Oligodendrocytes.440","1"
"Oligodendrocytes.441","11"
"Oligodendrocytes.442","1"
"Oligodendrocytes.443","1"
"Oligodendrocytes.444","1"
"Oligodendrocytes.445","1"
"Oligodendrocytes.446","1"
"Oligodendrocytes.447","8"
"Oligodendrocytes.448","1"
"Oligodendrocytes.449","1"
"Oligodendrocytes.450","1"
"Oligodendrocytes.451","1"
"Oligodendrocytes.452","1"
"Oligodendrocytes.453","8"
"Oligodendrocytes.454","1"
"Oligodendrocytes.455","1"
"Oligodendrocytes.456","1"
"Oligodendrocytes.457","1"
"Oligodendrocytes.458","1"
"Oligodendrocytes.459","1"
"Oligodendrocytes.460","1"
"Oligodendrocytes.461","1"
"Oligodendrocytes.462","1"
"Oligodendrocytes.463","1"
"Oligodendrocytes.464","1"
"Oligodendrocytes.465","1"
"Oligodendrocytes.466","1"
"Oligodendrocytes.467","1"
"Oligodendrocytes.468","1"
"Oligodendrocytes.469","1"
"Oligodendrocytes.470","1"
"Oligodendrocytes.471","1"
"Oligodendrocytes.472","1"
"Oligodendrocytes.473","1"
"Oligodendrocytes.474","1"
"Oligodendrocytes.475","1"
"Oligodendrocytes.476","1"
"Oligodendrocytes.477","1"
"Oligodendrocytes.478","1"
"Oligodendrocytes.479","8"
"Oligodendrocytes.480","1"
"Oligodendrocytes.481","11"
"Oligodendrocytes.482","1"
"Oligodendrocytes.483","1"
"Oligodendrocytes.484","1"
"Oligodendrocytes.485","1"
"Oligodendrocytes.486","1"
"Oligodendrocytes.487","1"
"Oligodendrocytes.488","1"
"Oligodendrocytes.489","1"
"Oligodendrocytes.490","1"
"Oligodendrocytes.491","1"
"Oligodendrocytes.492","25"
"Oligodendrocytes.493","1"
"Oligodendrocytes.494","8"
"Oligodendrocytes.495","1"
"Oligodendrocytes.496","1"
"Oligodendrocytes.497","1"
"Oligodendrocytes.498","4"
"Oligodendrocytes.499","1"
"Oligodendrocytes.500","1"
"Oligodendrocytes.501","1"
"Oligodendrocytes.502","1"
"Oligodendrocytes.503","1"
"Oligodendrocytes.504","1"
"Oligodendrocytes.505","1"
"Oligodendrocytes.506","1"
"Oligodendrocytes.507","1"
"Oligodendrocytes.508","11"
"Oligodendrocytes.509","1"
"Oligodendrocytes.510","1"
"Oligodendrocytes.511","1"
"Oligodendrocytes.512","11"
"Oligodendrocytes.513","1"
"Oligodendrocytes.514","1"
"Oligodendrocytes.515","1"
"Oligodendrocytes.516","1"
"Oligodendrocytes.517","1"
"Oligodendrocytes.518","1"
"Oligodendrocytes.519","1"
"Oligodendrocytes.520","1"
"Oligodendrocytes.521","1"
"Oligodendrocytes.522","1"
"Oligodendrocytes.523","14"
"Oligodendrocytes.524","7"
"Oligodendrocytes.525","1"
"Oligodendrocytes.526","1"
"Oligodendrocytes.527","1"
"Oligodendrocytes.528","1"
"Oligodendrocytes.529","1"
"Oligodendrocytes.530","1"
"Oligodendrocytes.531","1"
"Oligodendrocytes.532","1"
"Oligodendrocytes.533","1"
"Oligodendrocytes.534","1"
"Oligodendrocytes.535","1"
"Oligodendrocytes.536","1"
"Oligodendrocytes.537","1"
"Oligodendrocytes.538","1"
"Oligodendrocytes.539","1"
"Oligodendrocytes.540","22"
"Oligodendrocytes.541","1"
"Oligodendrocytes.542","1"
"Oligodendrocytes.543","1"
"Oligodendrocytes.544","1"
"Oligodendrocytes.545","1"
"Oligodendrocytes.546","1"
"Oligodendrocytes.547","8"
"Oligodendrocytes.548","1"
"Oligodendrocytes.549","1"
"Oligodendrocytes.550","1"
"Oligodendrocytes.551","1"
"Oligodendrocytes.552","1"
"Oligodendrocytes.553","13"
"Oligodendrocytes.554","1"
"Oligodendrocytes.555","1"
"Oligodendrocytes.556","1"
"Oligodendrocytes.557","1"
"Oligodendrocytes.558","1"
"Oligodendrocytes.559","1"
"Oligodendrocytes.560","1"
"Oligodendrocytes.561","1"
"Oligodendrocytes.562","8"
"Oligodendrocytes.563","1"
"Oligodendrocytes.564","1"
"Oligodendrocytes.565","1"
"Oligodendrocytes.566","12"
"Oligodendrocytes.567","8"
"Oligodendrocytes.568","1"
"Oligodendrocytes.569","1"
"Oligodendrocytes.570","1"
"Oligodendrocytes.571","1"
"Oligodendrocytes.572","1"
"Oligodendrocytes.573","10"
"Oligodendrocytes.574","1"
"Oligodendrocytes.575","1"
"Oligodendrocytes.576","1"
"Oligodendrocytes.577","8"
"Oligodendrocytes.578","21"
"Oligodendrocytes.579","1"
"Oligodendrocytes.580","8"
"Oligodendrocytes.581","1"
"Oligodendrocytes.582","1"
"Oligodendrocytes.583","1"
"Oligodendrocytes.584","1"
"Oligodendrocytes.585","1"
"Oligodendrocytes.586","17"
"Oligodendrocytes.587","14"
"Oligodendrocytes.588","22"
"Oligodendrocytes.589","19"
"Oligodendrocytes.590","1"
"Oligodendrocytes.591","1"
"Oligodendrocytes.592","14"
"Oligodendrocytes.593","1"
"Oligodendrocytes.594","1"
"Oligodendrocytes.595","14"
"Oligodendrocytes.596","14"
"Oligodendrocytes.597","25"
"Oligodendrocytes.598","17"
"Oligodendrocytes.599","8"
"Oligodendrocytes.600","10"
"Oligodendrocytes.601","1"
"Oligodendrocytes.602","14"
"Oligodendrocytes.603","6"
"Oligodendrocytes.604","11"
"Oligodendrocytes.605","12"
"Oligodendrocytes.606","1"
"Oligodendrocytes.607","9"
"Oligodendrocytes.608","1"
"Oligodendrocytes.609","9"
"Oligodendrocytes.610","10"
"Oligodendrocytes.611","1"
"Oligodendrocytes.612","1"
"Oligodendrocytes.613","1"
"Oligodendrocytes.614","14"
"Oligodendrocytes.615","12"
"Oligodendrocytes.616","1"
"Oligodendrocytes.617","8"
"Oligodendrocytes.618","1"
"Oligodendrocytes.619","1"
"Oligodendrocytes.620","1"
"Oligodendrocytes.621","14"
"Oligodendrocytes.622","1"
"Oligodendrocytes.623","1"
"Oligodendrocytes.624","1"
"Oligodendrocytes.625","1"
"Oligodendrocytes.626","14"
"Oligodendrocytes.627","9"
"Oligodendrocytes.628","1"
"Oligodendrocytes.629","1"
"Oligodendrocytes.630","11"
"Oligodendrocytes.631","11"
"Oligodendrocytes.632","1"
"Oligodendrocytes.633","1"
"Oligodendrocytes.634","1"
"Oligodendrocytes.635","1"
"Oligodendrocytes.636","1"
"Oligodendrocytes.637","1"
"Oligodendrocytes.638","1"
"Oligodendrocytes.639","14"
"Oligodendrocytes.640","1"
"Oligodendrocytes.641","14"
"Oligodendrocytes.642","1"
"Oligodendrocytes.643","1"
"Oligodendrocytes.644","1"
"Oligodendrocytes.645","14"
"Oligodendrocytes.646","9"
"Oligodendrocytes.647","19"
"Oligodendrocytes.648","21"
"Oligodendrocytes.649","1"
"Oligodendrocytes.650","14"
"Oligodendrocytes.651","21"
"Oligodendrocytes.652","1"
"Oligodendrocytes.653","1"
"Oligodendrocytes.654","18"
"Oligodendrocytes.655","1"
"Oligodendrocytes.656","1"
"Oligodendrocytes.657","1"
"Oligodendrocytes.658","1"
"Oligodendrocytes.659","1"
"Oligodendrocytes.660","1"
"Oligodendrocytes.661","1"
"Oligodendrocytes.662","1"
"Oligodendrocytes.663","1"
"Oligodendrocytes.664","1"
"Oligodendrocytes.665","1"
"Oligodendrocytes.666","1"
"Oligodendrocytes.667","11"
"Oligodendrocytes.668","1"
"Oligodendrocytes.669","8"
"Oligodendrocytes.670","9"
"Oligodendrocytes.671","1"
"Oligodendrocytes.672","1"
"Oligodendrocytes.673","1"
"Oligodendrocytes.674","19"
"Oligodendrocytes.675","1"
"Oligodendrocytes.676","1"
"Oligodendrocytes.677","1"
"Oligodendrocytes.678","9"
"Oligodendrocytes.679","9"
"Oligodendrocytes.680","1"
"Oligodendrocytes.681","9"
"Oligodendrocytes.682","1"
"Oligodendrocytes.683","1"
"Oligodendrocytes.684","1"
"Oligodendrocytes.685","1"
"Oligodendrocytes.686","1"
"Oligodendrocytes.687","1"
"Oligodendrocytes.688","1"
"Oligodendrocytes.689","1"
"Oligodendrocytes.690","9"
"Oligodendrocytes.691","1"
"Oligodendrocytes.692","1"
"Oligodendrocytes.693","1"
"Oligodendrocytes.694","1"
"Oligodendrocytes.695","11"
"Oligodendrocytes.696","1"
"Oligodendrocytes.697","1"
"Oligodendrocytes.698","10"
"Oligodendrocytes.699","1"
"Oligodendrocytes.700","1"
"Oligodendrocytes.701","1"
"Oligodendrocytes.702","1"
"Oligodendrocytes.703","1"
"Oligodendrocytes.704","1"
"Oligodendrocytes.705","1"
"Oligodendrocytes.706","1"
"Oligodendrocytes.707","1"
"Oligodendrocytes.708","1"
"Oligodendrocytes.709","8"
"Oligodendrocytes.710","1"
"Oligodendrocytes.711","1"
"Oligodendrocytes.712","10"
"Oligodendrocytes.713","18"
"Oligodendrocytes.714","1"
"Oligodendrocytes.715","1"
"Oligodendrocytes.716","1"
"Oligodendrocytes.717","1"
"Oligodendrocytes.718","1"
"Oligodendrocytes.719","1"
"Oligodendrocytes.720","1"
"Oligodendrocytes.721","1"
"Oligodendrocytes.722","1"
"Oligodendrocytes.723","1"
"Oligodendrocytes.724","1"
"Oligodendrocytes.725","1"
"Oligodendrocytes.726","1"
"Oligodendrocytes.727","1"
"Oligodendrocytes.728","1"
"Oligodendrocytes.729","1"
"Oligodendrocytes.730","1"
"Oligodendrocytes.731","1"
"Oligodendrocytes.732","1"
"Oligodendrocytes.733","9"
"Oligodendrocytes.734","1"
"Oligodendrocytes.735","1"
"Oligodendrocytes.736","1"
"Oligodendrocytes.737","1"
"Oligodendrocytes.738","1"
"Oligodendrocytes.739","1"
"Oligodendrocytes.740","1"
"Oligodendrocytes.741","1"
"Oligodendrocytes.742","1"
"Oligodendrocytes.743","1"
"Oligodendrocytes.744","1"
"Oligodendrocytes.745","1"
"Oligodendrocytes.746","1"
"Oligodendrocytes.747","8"
"Oligodendrocytes.748","1"
"Oligodendrocytes.749","12"
"Oligodendrocytes.750","1"
"Oligodendrocytes.751","1"
"Oligodendrocytes.752","1"
"Oligodendrocytes.753","1"
"Oligodendrocytes.754","1"
"Oligodendrocytes.755","1"
"Oligodendrocytes.756","1"
"Oligodendrocytes.757","1"
"Oligodendrocytes.758","19"
"Oligodendrocytes.759","1"
"Oligodendrocytes.760","11"
"Oligodendrocytes.761","1"
"Oligodendrocytes.762","1"
"Oligodendrocytes.763","9"
"Oligodendrocytes.764","1"
"Oligodendrocytes.765","1"
"Oligodendrocytes.766","1"
"Oligodendrocytes.767","11"
"Oligodendrocytes.768","11"
"Oligodendrocytes.769","1"
"Oligodendrocytes.770","11"
"Oligodendrocytes.771","11"
"Oligodendrocytes.772","11"
"Oligodendrocytes.773","11"
"Oligodendrocytes.774","11"
"Oligodendrocytes.775","1"
"Oligodendrocytes.776","11"
"Oligodendrocytes.777","11"
"Oligodendrocytes.778","9"
"Oligodendrocytes.779","11"
"Oligodendrocytes.780","1"
"Oligodendrocytes.781","9"
"Oligodendrocytes.782","11"
"Oligodendrocytes.783","11"
"Oligodendrocytes.784","11"
"Oligodendrocytes.785","11"
"Oligodendrocytes.786","11"
"Oligodendrocytes.787","9"
"Oligodendrocytes.788","11"
"Oligodendrocytes.789","11"
"Oligodendrocytes.790","11"
"Oligodendrocytes.791","9"
"Oligodendrocytes.792","11"
"Oligodendrocytes.793","11"
"Oligodendrocytes.794","11"
"Oligodendrocytes.795","11"
"Oligodendrocytes.796","11"
"Oligodendrocytes.797","11"
"Oligodendrocytes.798","11"
"Oligodendrocytes.799","1"
"Oligodendrocytes.800","11"
"Oligodendrocytes.801","11"
"Oligodendrocytes.802","1"
"Oligodendrocytes.803","11"
"Oligodendrocytes.804","11"
"Oligodendrocytes.805","11"
"Oligodendrocytes.806","11"
"Oligodendrocytes.807","11"
"Oligodendrocytes.808","1"
"Oligodendrocytes.809","11"
"Oligodendrocytes.810","11"
"Oligodendrocytes.811","11"
"Oligodendrocytes.812","11"
"Oligodendrocytes.813","11"
"Oligodendrocytes.814","11"
"Oligodendrocytes.815","11"
"Oligodendrocytes.816","11"
"Oligodendrocytes.817","11"
"Oligodendrocytes.818","1"
"Oligodendrocytes.819","12"
"Microglia","21"
"Microglia.1","21"
"Microglia.2","22"
"Microglia.3","4"
"Microglia.4","21"
"Microglia.5","21"
"Microglia.6","21"
"Microglia.7","19"
"Microglia.8","19"
"Microglia.9","21"
"Microglia.10","21"
"Microglia.11","21"
"Microglia.12","21"
"Microglia.13","21"
"Microglia.14","21"
"Microglia.15","22"
"Microglia.16","21"
"Microglia.17","21"
"Microglia.18","21"
"Microglia.19","21"
"Microglia.20","21"
"Microglia.21","21"
"Microglia.22","25"
"Microglia.23","21"
"Microglia.24","21"
"Microglia.25","21"
"Microglia.26","21"
"Microglia.27","21"
"Microglia.28","21"
"Microglia.29","21"
"Microglia.30","21"
"Microglia.31","21"
"Microglia.32","21"
"Microglia.33","21"
"Microglia.34","21"
"Microglia.35","21"
"Microglia.36","22"
"Microglia.37","21"
"Microglia.38","19"
"Microglia.39","21"
"Microglia.40","21"
"Microglia.41","21"
"Microglia.42","21"
"Microglia.43","21"
"Microglia.44","21"
"Microglia.45","21"
"Microglia.46","21"
"Microglia.47","21"
"Microglia.48","21"
"Microglia.49","21"
"Microglia.50","21"
"Microglia.51","21"
"Microglia.52","21"
"Microglia.53","21"
"Microglia.54","21"
"Microglia.55","21"
"Microglia.56","21"
"Microglia.57","21"
"Microglia.58","21"
"Microglia.59","21"
"Microglia.60","21"
"Microglia.61","21"
"Microglia.62","21"
"Microglia.63","21"
"Microglia.64","21"
"Microglia.65","21"
"Microglia.66","11"
"Microglia.67","21"
"Microglia.68","21"
"Microglia.69","21"
"Microglia.70","25"
"Microglia.71","21"
"Microglia.72","21"
"Microglia.73","21"
"Microglia.74","8"
"Microglia.75","21"
"Microglia.76","21"
"Microglia.77","21"
"Microglia.78","8"
"Microglia.79","21"
"Microglia.80","25"
"Microglia.81","21"
"Microglia.82","21"
"Microglia.83","21"
"Microglia.84","21"
"Microglia.85","21"
"Microglia.86","21"
"Microglia.87","21"
"Microglia.88","21"
"Microglia.89","21"
"Microglia.90","21"
"Microglia.91","21"
"Microglia.92","21"
"Microglia.93","21"
"Microglia.94","21"
"Microglia.95","21"
"Microglia.96","21"
"Microglia.97","21"
"Endothelial","21"
"Endothelial.1","19"
"Endothelial.2","19"
"Endothelial.3","25"
"Endothelial.4","15"
"Endothelial.5","21"
"Endothelial.6","19"
"Endothelial.7","19"
"Endothelial.8","19"
"Endothelial.9","19"
"Endothelial.10","21"
"Endothelial.11","19"
"Endothelial.12","19"
"Endothelial.13","19"
"Endothelial.14","21"
"Endothelial.15","19"
"Endothelial.16","19"
"Endothelial.17","19"
"Endothelial.18","19"
"Endothelial.19","19"
"Endothelial.20","19"
"Endothelial.21","25"
"Endothelial.22","19"
"Endothelial.23","19"
"Endothelial.24","21"
"Endothelial.25","19"
"Endothelial.26","19"
"Endothelial.27","19"
"Endothelial.28","19"
"Endothelial.29","19"
"Endothelial.30","21"
"Endothelial.31","19"
"Endothelial.32","19"
"Endothelial.33","19"
"Endothelial.34","19"
"Endothelial.35","19"
"Endothelial.36","19"
"Endothelial.37","19"
"Endothelial.38","19"
"Endothelial.39","21"
"Endothelial.40","19"
"Endothelial.41","19"
"Endothelial.42","19"
"Endothelial.43","19"
"Endothelial.44","21"
"Endothelial.45","19"
"Endothelial.46","21"
"Endothelial.47","19"
"Endothelial.48","19"
"Endothelial.49","19"
"Endothelial.50","19"
"Endothelial.51","19"
"Endothelial.52","19"
"Endothelial.53","19"
"Endothelial.54","25"
"Endothelial.55","19"
"Endothelial.56","19"
"Endothelial.57","19"
"Endothelial.58","19"
"Endothelial.59","19"
"Endothelial.60","19"
"Endothelial.61","19"
"Endothelial.62","19"
"Endothelial.63","19"
"Endothelial.64","19"
"Endothelial.65","19"
"Endothelial.66","19"
"Endothelial.67","19"
"Endothelial.68","19"
"Endothelial.69","19"
"Endothelial.70","25"
"Endothelial.71","19"
"Endothelial.72","19"
"Endothelial.73","19"
"Endothelial.74","19"
"Endothelial.75","19"
"Endothelial.76","19"
"Endothelial.77","19"
"Endothelial.78","19"
"Endothelial.79","19"
"Endothelial.80","19"
"Endothelial.81","19"
"Endothelial.82","21"
"Endothelial.83","21"
"Endothelial.84","19"
"Endothelial.85","19"
"Endothelial.86","19"
"Endothelial.87","19"
"Endothelial.88","19"
"Endothelial.89","19"
"Endothelial.90","19"
"Endothelial.91","19"
"Endothelial.92","19"
"Endothelial.93","19"
"Endothelial.94","19"
"Endothelial.95","19"
"Endothelial.96","19"
"Endothelial.97","19"
"Endothelial.98","19"
"Endothelial.99","19"
"Endothelial.100","19"
"Endothelial.101","21"
"Endothelial.102","19"
"Endothelial.103","8"
"Endothelial.104","19"
"Endothelial.105","21"
"Endothelial.106","21"
"Endothelial.107","19"
"Endothelial.108","25"
"Endothelial.109","21"
"Endothelial.110","21"
"Endothelial.111","8"
"Endothelial.112","25"
"Endothelial.113","21"
"Endothelial.114","19"
"Endothelial.115","19"
"Endothelial.116","19"
"Endothelial.117","19"
"Endothelial.118","19"
"Endothelial.119","19"
"Endothelial.120","19"
"Endothelial.121","19"
"Endothelial.122","19"
"Endothelial.123","19"
"Endothelial.124","19"
"Endothelial.125","19"
"Endothelial.126","19"
"Endothelial.127","19"
"Endothelial.128","25"
"Endothelial.129","21"
"Endothelial.130","19"
"Endothelial.131","22"
"Endothelial.132","19"
"Endothelial.133","19"
"Endothelial.134","19"
"Endothelial.135","19"
"Endothelial.136","21"
"Endothelial.137","21"
"Endothelial.138","19"
"Endothelial.139","19"
"Endothelial.140","19"
"Endothelial.141","19"
"Endothelial.142","19"
"Endothelial.143","19"
"Endothelial.144","19"
"Endothelial.145","19"
"Endothelial.146","19"
"Endothelial.147","19"
"Endothelial.148","19"
"Endothelial.149","21"
"Endothelial.150","19"
"Endothelial.151","25"
"Endothelial.152","21"
"Endothelial.153","21"
"Endothelial.154","21"
"Endothelial.155","21"
"Endothelial.156","19"
"Endothelial.157","25"
"Endothelial.158","21"
"Endothelial.159","8"
"Endothelial.160","14"
"Endothelial.161","19"
"Endothelial.162","19"
"Endothelial.163","19"
"Endothelial.164","19"
"Endothelial.165","19"
"Endothelial.166","21"
"Endothelial.167","19"
"Endothelial.168","19"
"Endothelial.169","19"
"Endothelial.170","19"
"Endothelial.171","19"
"Endothelial.172","19"
"Endothelial.173","19"
"Endothelial.174","19"
"Astrocytes","20"
"Astrocytes.1","20"
"Astrocytes.2","20"
"Astrocytes.3","20"
"Astrocytes.4","20"
"Astrocytes.5","20"
"Astrocytes.6","20"
"Astrocytes.7","20"
"Astrocytes.8","20"
"Astrocytes.9","20"
"Astrocytes.10","20"
"Astrocytes.11","17"
"Astrocytes.12","20"
"Astrocytes.13","20"
"Astrocytes.14","20"
"Astrocytes.15","20"
"Astrocytes.16","20"
"Astrocytes.17","20"
"Astrocytes.18","20"
"Astrocytes.19","20"
"Astrocytes.20","20"
"Astrocytes.21","20"
"Astrocytes.22","20"
"Astrocytes.23","20"
"Astrocytes.24","20"
"Astrocytes.25","8"
"Astrocytes.26","20"
"Astrocytes.27","20"
"Astrocytes.28","20"
"Astrocytes.29","20"
"Astrocytes.30","20"
"Astrocytes.31","20"
"Astrocytes.32","20"
"Astrocytes.33","20"
"Astrocytes.34","20"
"Astrocytes.35","20"
"Astrocytes.36","20"
"Astrocytes.37","20"
"Astrocytes.38","20"
"Astrocytes.39","20"
"Astrocytes.40","20"
"Astrocytes.41","4"
"Astrocytes.42","20"
"Astrocytes.43","20"
"Astrocytes.44","20"
"Astrocytes.45","20"
"Astrocytes.46","20"
"Astrocytes.47","20"
"Astrocytes.48","20"
"Astrocytes.49","20"
"Astrocytes.50","20"
"Astrocytes.51","20"
"Astrocytes.52","20"
"Astrocytes.53","20"
"Astrocytes.54","20"
"Astrocytes.55","20"
"Astrocytes.56","21"
"Astrocytes.57","20"
"Astrocytes.58","20"
"Astrocytes.59","20"
"Astrocytes.60","23"
"Astrocytes.61","20"
"Astrocytes.62","21"
"Astrocytes.63","20"
"Astrocytes.64","20"
"Astrocytes.65","20"
"Astrocytes.66","20"
"Astrocytes.67","20"
"Astrocytes.68","20"
"Astrocytes.69","20"
"Astrocytes.70","20"
"Astrocytes.71","20"
"Astrocytes.72","20"
"Astrocytes.73","20"
"Astrocytes.74","20"
"Astrocytes.75","20"
"Astrocytes.76","20"
"Astrocytes.77","24"
"Astrocytes.78","20"
"Astrocytes.79","1"
"Astrocytes.80","20"
"Astrocytes.81","20"
"Astrocytes.82","20"
"Astrocytes.83","20"
"Astrocytes.84","20"
"Astrocytes.85","1"
"Astrocytes.86","20"
"Astrocytes.87","20"
"Astrocytes.88","20"
"Astrocytes.89","20"
"Astrocytes.90","20"
"Astrocytes.91","20"
"Astrocytes.92","20"
"Astrocytes.93","14"
"Astrocytes.94","9"
"Astrocytes.95","20"
"Astrocytes.96","20"
"Astrocytes.97","18"
"Astrocytes.98","20"
"Astrocytes.99","1"
"Astrocytes.100","20"
"Astrocytes.101","20"
"Astrocytes.102","20"
"Astrocytes.103","20"
"Astrocytes.104","20"
"Astrocytes.105","20"
"Astrocytes.106","20"
"Astrocytes.107","1"
"Astrocytes.108","20"
"Astrocytes.109","20"
"Astrocytes.110","20"
"Astrocytes.111","20"
"Astrocytes.112","20"
"Astrocytes.113","20"
"Astrocytes.114","20"
"Astrocytes.115","20"
"Astrocytes.116","20"
"Astrocytes.117","20"
"Astrocytes.118","14"
"Astrocytes.119","20"
"Astrocytes.120","20"
"Astrocytes.121","20"
"Astrocytes.122","20"
"Astrocytes.123","20"
"Astrocytes.124","20"
"Astrocytes.125","20"
"Astrocytes.126","25"
"Astrocytes.127","20"
"Astrocytes.128","20"
"Astrocytes.129","3"
"Astrocytes.130","20"
"Astrocytes.131","20"
"Astrocytes.132","20"
"Astrocytes.133","19"
"Astrocytes.134","25"
"Astrocytes.135","19"
"Astrocytes.136","20"
"Astrocytes.137","20"
"Astrocytes.138","20"
"Astrocytes.139","23"
"Astrocytes.140","20"
"Astrocytes.141","20"
"Astrocytes.142","20"
"Astrocytes.143","25"
"Astrocytes.144","20"
"Astrocytes.145","20"
"Astrocytes.146","20"
"Astrocytes.147","20"
"Astrocytes.148","20"
"Astrocytes.149","20"
"Astrocytes.150","20"
"Astrocytes.151","20"
"Astrocytes.152","20"
"Astrocytes.153","20"
"Astrocytes.154","18"
"Astrocytes.155","20"
"Astrocytes.156","20"
"Astrocytes.157","20"
"Astrocytes.158","20"
"Astrocytes.159","20"
"Astrocytes.160","20"
"Astrocytes.161","20"
"Astrocytes.162","8"
"Astrocytes.163","21"
"Astrocytes.164","21"
"Astrocytes.165","21"
"Astrocytes.166","24"
"Astrocytes.167","20"
"Astrocytes.168","20"
"Astrocytes.169","20"
"Astrocytes.170","21"
"Astrocytes.171","21"
"Astrocytes.172","20"
"Astrocytes.173","21"
"Astrocytes.174","17"
"Astrocytes.175","20"
"Astrocytes.176","25"
"Astrocytes.177","20"
"Astrocytes.178","20"
"Astrocytes.179","25"
"Astrocytes.180","20"
"Astrocytes.181","21"
"Astrocytes.182","21"
"Astrocytes.183","22"
"Astrocytes.184","24"
"Astrocytes.185","20"
"Astrocytes.186","21"
"Astrocytes.187","20"
"Astrocytes.188","19"
"Astrocytes.189","20"
"Astrocytes.190","21"
"Astrocytes.191","18"
"Astrocytes.192","22"
"Astrocytes.193","20"
"Astrocytes.194","1"
"Astrocytes.195","20"
"Astrocytes.196","20"
"Astrocytes.197","24"
"Ependymal","4"
"Ependymal.1","21"
"Ependymal.2","21"
"Ependymal.3","21"
"Ependymal.4","21"
"Ependymal.5","21"
"Ependymal.6","21"
"Ependymal.7","21"
"Ependymal.8","21"
"Ependymal.9","21"
"Ependymal.10","21"
"Ependymal.11","18"
"Ependymal.12","21"
"Ependymal.13","21"
"Ependymal.14","21"
"Ependymal.15","21"
"Ependymal.16","14"
"Ependymal.17","25"
"Ependymal.18","21"
"Ependymal.19","25"
"Ependymal.20","20"
"Ependymal.21","14"
"Ependymal.22","21"
"Ependymal.23","25"
"Ependymal.24","17"
"Ependymal.25","7"
"Mural","21"
"Mural.1","21"
"Mural.2","21"
"Mural.3","21"
"Mural.4","19"
"Mural.5","21"
"Mural.6","21"
"Mural.7","21"
"Mural.8","21"
"Mural.9","21"
"Mural.10","21"
"Mural.11","21"
"Mural.12","21"
"Mural.13","21"
"Mural.14","21"
"Mural.15","21"
"Mural.16","21"
"Mural.17","21"
"Mural.18","21"
"Mural.19","21"
"Mural.20","21"
"Mural.21","21"
"Mural.22","21"
"Mural.23","21"
"Mural.24","21"
"Mural.25","21"
"Mural.26","21"
"Mural.27","21"
"Mural.28","21"
"Mural.29","21"
"Mural.30","21"
"Mural.31","21"
"Mural.32","21"
"Mural.33","21"
"Mural.34","21"
"Mural.35","21"
"Mural.36","21"
"Mural.37","21"
"Mural.38","22"
"Mural.39","21"
"Mural.40","21"
"Mural.41","24"
"Mural.42","20"
"Mural.43","19"
"Mural.44","21"
"Mural.45","21"
"Mural.46","21"
"Mural.47","15"
"Mural.48","21"
"Mural.49","22"
"Mural.50","21"
"Mural.51","24"
"Mural.52","15"
"Mural.53","17"
"Mural.54","21"
"Mural.55","19"
"Mural.56","21"
"Mural.57","22"
"Mural.58","21"
"Mural.59","21"
