"","sc3_21_clusters"
"Var1_1","12"
"Var1_2","12"
"Var1_3","12"
"Var1_4","12"
"Var1_5","12"
"Var1_6","12"
"Var1_7","12"
"Var1_8","12"
"Var1_9","12"
"Var1_10","12"
"Var1_11","12"
"Var1_12","12"
"Var1_13","12"
"Var1_14","12"
"Var1_15","12"
"Var1_16","12"
"Var1_17","12"
"Var1_18","12"
"Var1_19","12"
"Var1_20","12"
"Var1_21","12"
"Var1_22","12"
"Var1_23","12"
"Var1_24","12"
"Var1_25","9"
"Var1_26","12"
"Var1_27","12"
"Var1_28","12"
"Var1_29","12"
"Var1_30","12"
"Var1_31","12"
"Var1_32","12"
"Var1_33","12"
"Var1_34","12"
"Var1_35","12"
"Var1_36","12"
"Var1_37","12"
"Var1_38","12"
"Var1_39","12"
"Var1_40","12"
"Var1_41","12"
"Var1_42","12"
"Var1_43","12"
"Var1_44","12"
"Var1_45","12"
"Var1_46","12"
"Var1_47","12"
"Var1_48","12"
"Var1_49","12"
"Var1_50","12"
"Var1_51","12"
"Var1_52","12"
"Var1_53","12"
"Var1_54","12"
"Var1_55","12"
"Var1_56","12"
"Var1_57","12"
"Var1_58","12"
"Var1_59","12"
"Var1_60","12"
"Var1_61","12"
"Var1_62","12"
"Var1_63","12"
"Var1_64","12"
"Var1_65","12"
"Var1_66","12"
"Var1_67","12"
"Var1_68","12"
"Var1_69","12"
"Var1_70","12"
"Var1_71","12"
"Var1_72","12"
"Var1_73","12"
"Var1_74","12"
"Var1_75","12"
"Var1_76","12"
"Var1_77","12"
"Var1_78","12"
"Var1_79","12"
"Var1_80","12"
"Var1_81","12"
"Var1_82","12"
"Var1_83","12"
"Var1_84","12"
"Var1_85","12"
"Var1_86","12"
"Var1_87","12"
"Var1_88","12"
"Var1_89","12"
"Var1_90","12"
"Var1_91","12"
"Var1_92","12"
"Var1_93","12"
"Var1_94","12"
"Var1_95","12"
"Var1_96","12"
"Var1_97","12"
"Var1_98","12"
"Var1_99","12"
"Var1_100","12"
"Var1_101","12"
"Var1_102","12"
"Var1_103","12"
"Var1_104","12"
"Var1_105","10"
"Var1_106","12"
"Var1_107","12"
"Var1_108","12"
"Var1_109","12"
"Var1_110","12"
"Var1_111","12"
"Var1_112","12"
"Var1_113","12"
"Var1_114","7"
"Var1_115","12"
"Var1_116","12"
"Var1_117","12"
"Var1_118","12"
"Var1_119","6"
"Var1_120","12"
"Var1_121","12"
"Var1_122","12"
"Var1_123","12"
"Var1_124","12"
"Var1_125","12"
"Var1_126","12"
"Var1_127","7"
"Var1_128","12"
"Var1_129","12"
"Var1_130","12"
"Var1_131","12"
"Var1_132","12"
"Var1_133","12"
"Var1_134","9"
"Var1_135","12"
"Var1_136","12"
"Var1_137","12"
"Var1_138","1"
"Var1_139","12"
"Var1_140","12"
"Var1_141","12"
"Var1_142","12"
"Var1_143","1"
"Var1_144","12"
"Var1_145","12"
"Var1_146","12"
"Var1_147","12"
"Var1_148","12"
"Var1_149","12"
"Var1_150","12"
"Var1_151","12"
"Var1_152","12"
"Var1_153","12"
"Var1_154","12"
"Var1_155","12"
"Var1_156","12"
"Var1_157","12"
"Var1_158","12"
"Var1_159","12"
"Var1_160","12"
"Var1_161","12"
"Var1_162","12"
"Var1_163","12"
"Var1_164","12"
"Var1_165","12"
"Var1_166","12"
"Var1_167","12"
"Var1_168","12"
"Var1_169","12"
"Var1_170","12"
"Var1_171","12"
"Var1_172","12"
"Var1_173","12"
"Var1_174","12"
"Var1_175","12"
"Var1_176","12"
"Var1_177","12"
"Var1_178","12"
"Var1_179","12"
"Var1_180","12"
"Var1_181","12"
"Var1_182","12"
"Var1_183","12"
"Var1_184","12"
"Var1_185","12"
"Var1_186","12"
"Var1_187","12"
"Var1_188","12"
"Var1_189","12"
"Var1_190","12"
"Var1_191","12"
"Var1_192","12"
"Var1_193","12"
"Var1_194","1"
"Var1_195","11"
"Var1_196","12"
"Var1_197","2"
"Var1_198","12"
"Var1_199","12"
"Var1_200","12"
"Var1_201","12"
"Var1_202","12"
"Var1_203","12"
"Var1_204","12"
"Var1_205","12"
"Var1_206","12"
"Var1_207","12"
"Var1_208","12"
"Var1_209","12"
"Var1_210","12"
"Var1_211","12"
"Var1_212","12"
"Var1_213","12"
"Var1_214","12"
"Var1_215","12"
"Var1_216","12"
"Var1_217","12"
"Var1_218","12"
"Var1_219","12"
"Var1_220","12"
"Var1_221","12"
"Var1_222","12"
"Var1_223","12"
"Var1_224","12"
"Var1_225","12"
"Var1_226","12"
"Var1_227","12"
"Var1_228","12"
"Var1_229","12"
"Var1_230","12"
"Var1_231","12"
"Var1_232","12"
"Var1_233","12"
"Var1_234","12"
"Var1_235","12"
"Var1_236","12"
"Var1_237","12"
"Var1_238","12"
"Var1_239","7"
"Var1_240","12"
"Var1_241","12"
"Var1_242","12"
"Var1_243","12"
"Var1_244","12"
"Var1_245","12"
"Var1_246","12"
"Var1_247","12"
"Var1_248","12"
"Var1_249","12"
"Var1_250","12"
"Var1_251","12"
"Var1_252","12"
"Var1_253","12"
"Var1_254","12"
"Var1_255","6"
"Var1_256","12"
"Var1_257","12"
"Var1_258","12"
"Var1_259","11"
"Var1_260","12"
"Var1_261","12"
"Var1_262","12"
"Var1_263","12"
"Var1_264","12"
"Var1_265","12"
"Var1_266","12"
"Var1_267","12"
"Var1_268","12"
"Var1_269","12"
"Var1_270","12"
"Var1_271","12"
"Var1_272","12"
"Var1_273","12"
"Var1_274","12"
"Var1_275","12"
"Var1_276","12"
"Var1_277","12"
"Var1_278","12"
"Var1_279","12"
"Var1_280","12"
"Var1_281","12"
"Var1_282","12"
"Var1_283","12"
"Var1_284","12"
"Var1_285","12"
"Var1_286","12"
"Var1_287","12"
"Var1_288","12"
"Var1_289","12"
"Var1_290","12"
"Var1_291","6"
"Var1_292","6"
"Var1_293","7"
"Var1_294","6"
"Var1_295","7"
"Var1_296","7"
"Var1_297","6"
"Var1_298","7"
"Var1_299","7"
"Var1_300","7"
"Var1_301","6"
"Var1_302","9"
"Var1_303","6"
"Var1_304","6"
"Var1_305","7"
"Var1_306","7"
"Var1_307","6"
"Var1_308","7"
"Var1_309","6"
"Var1_310","6"
"Var1_311","6"
"Var1_312","6"
"Var1_313","6"
"Var1_314","6"
"Var1_315","6"
"Var1_316","6"
"Var1_317","6"
"Var1_318","7"
"Var1_319","6"
"Var1_320","6"
"Var1_321","7"
"Var1_322","16"
"Var1_323","6"
"Var1_324","6"
"Var1_325","6"
"Var1_326","6"
"Var1_327","6"
"Var1_328","6"
"Var1_329","6"
"Var1_330","6"
"Var1_331","6"
"Var1_332","6"
"Var1_333","6"
"Var1_334","6"
"Var1_335","6"
"Var1_336","6"
"Var1_337","6"
"Var1_338","6"
"Var1_339","6"
"Var1_340","6"
"Var1_341","6"
"Var1_342","6"
"Var1_343","6"
"Var1_344","8"
"Var1_345","6"
"Var1_346","6"
"Var1_347","6"
"Var1_348","7"
"Var1_349","6"
"Var1_350","7"
"Var1_351","7"
"Var1_352","6"
"Var1_353","7"
"Var1_354","7"
"Var1_355","7"
"Var1_356","7"
"Var1_357","7"
"Var1_358","6"
"Var1_359","6"
"Var1_360","6"
"Var1_361","6"
"Var1_362","6"
"Var1_363","7"
"Var1_364","6"
"Var1_365","6"
"Var1_366","7"
"Var1_367","6"
"Var1_368","7"
"Var1_369","6"
"Var1_370","6"
"Var1_371","6"
"Var1_372","6"
"Var1_373","6"
"Var1_374","7"
"Var1_375","6"
"Var1_376","6"
"Var1_377","6"
"Var1_378","6"
"Var1_379","6"
"Var1_380","8"
"Var1_381","6"
"Var1_382","6"
"Var1_383","6"
"Var1_384","7"
"Var1_385","6"
"Var1_386","7"
"Var1_387","6"
"Var1_388","6"
"Var1_389","6"
"Var1_390","6"
"Var1_391","6"
"Var1_392","6"
"Var1_393","7"
"Var1_394","6"
"Var1_395","6"
"Var1_396","6"
"Var1_397","6"
"Var1_398","6"
"Var1_399","6"
"Var1_400","6"
"Var1_401","6"
"Var1_402","7"
"Var1_403","6"
"Var1_404","6"
"Var1_405","9"
"Var1_406","6"
"Var1_407","6"
"Var1_408","6"
"Var1_409","6"
"Var1_410","6"
"Var1_411","6"
"Var1_412","6"
"Var1_413","6"
"Var1_414","7"
"Var1_415","6"
"Var1_416","6"
"Var1_417","6"
"Var1_418","6"
"Var1_419","6"
"Var1_420","6"
"Var1_421","6"
"Var1_422","6"
"Var1_423","6"
"Var1_424","6"
"Var1_425","6"
"Var1_426","6"
"Var1_427","6"
"Var1_428","6"
"Var1_429","6"
"Var1_430","6"
"Var1_431","6"
"Var1_432","6"
"Var1_433","6"
"Var1_434","6"
"Var1_435","6"
"Var1_436","6"
"Var1_437","6"
"Var1_438","6"
"Var1_439","6"
"Var1_440","6"
"Var1_441","6"
"Var1_442","6"
"Var1_443","6"
"Var1_444","6"
"Var1_445","6"
"Var1_446","6"
"Var1_447","6"
"Var1_448","6"
"Var1_449","6"
"Var1_450","6"
"Var1_451","6"
"Var1_452","6"
"Var1_453","6"
"Var1_454","6"
"Var1_455","6"
"Var1_456","6"
"Var1_457","6"
"Var1_458","6"
"Var1_459","6"
"Var1_460","6"
"Var1_461","6"
"Var1_462","6"
"Var1_463","6"
"Var1_464","6"
"Var1_465","6"
"Var1_466","7"
"Var1_467","6"
"Var1_468","6"
"Var1_469","10"
"Var1_470","10"
"Var1_471","10"
"Var1_472","10"
"Var1_473","7"
"Var1_474","10"
"Var1_475","7"
"Var1_476","7"
"Var1_477","7"
"Var1_478","7"
"Var1_479","10"
"Var1_480","10"
"Var1_481","10"
"Var1_482","10"
"Var1_483","15"
"Var1_484","7"
"Var1_485","10"
"Var1_486","7"
"Var1_487","7"
"Var1_488","7"
"Var1_489","10"
"Var1_490","15"
"Var1_491","7"
"Var1_492","15"
"Var1_493","3"
"Var1_494","7"
"Var1_495","7"
"Var1_496","7"
"Var1_497","7"
"Var1_498","7"
"Var1_499","7"
"Var1_500","7"
"Var1_501","7"
"Var1_502","7"
"Var1_503","7"
"Var1_504","7"
"Var1_505","7"
"Var1_506","7"
"Var1_507","7"
"Var1_508","7"
"Var1_509","7"
"Var1_510","7"
"Var1_511","7"
"Var1_512","7"
"Var1_513","7"
"Var1_514","7"
"Var1_515","7"
"Var1_516","7"
"Var1_517","7"
"Var1_518","7"
"Var1_519","7"
"Var1_520","7"
"Var1_521","7"
"Var1_522","7"
"Var1_523","7"
"Var1_524","6"
"Var1_525","7"
"Var1_526","7"
"Var1_527","2"
"Var1_528","7"
"Var1_529","7"
"Var1_530","7"
"Var1_531","7"
"Var1_532","7"
"Var1_533","7"
"Var1_534","7"
"Var1_535","7"
"Var1_536","7"
"Var1_537","7"
"Var1_538","7"
"Var1_539","7"
"Var1_540","7"
"Var1_541","7"
"Var1_542","7"
"Var1_543","7"
"Var1_544","7"
"Var1_545","7"
"Var1_546","7"
"Var1_547","7"
"Var1_548","7"
"Var1_549","7"
"Var1_550","7"
"Var1_551","10"
"Var1_552","10"
"Var1_553","7"
"Var1_554","7"
"Var1_555","7"
"Var1_556","10"
"Var1_557","7"
"Var1_558","10"
"Var1_559","7"
"Var1_560","6"
"Var1_561","6"
"Var1_562","7"
"Var1_563","6"
"Var1_564","9"
"Var1_565","7"
"Var1_566","6"
"Var1_567","6"
"Var1_568","6"
"Var1_569","6"
"Var1_570","7"
"Var1_571","7"
"Var1_572","7"
"Var1_573","6"
"Var1_574","7"
"Var1_575","6"
"Var1_576","6"
"Var1_577","7"
"Var1_578","6"
"Var1_579","9"
"Var1_580","7"
"Var1_581","7"
"Var1_582","7"
"Var1_583","7"
"Var1_584","7"
"Var1_585","7"
"Var1_586","7"
"Var1_587","7"
"Var1_588","6"
"Var1_589","7"
"Var1_590","7"
"Var1_591","7"
"Var1_592","7"
"Var1_593","7"
"Var1_594","7"
"Var1_595","7"
"Var1_596","6"
"Var1_597","7"
"Var1_598","7"
"Var1_599","6"
"Var1_600","7"
"Var1_601","6"
"Var1_602","6"
"Var1_603","6"
"Var1_604","6"
"Var1_605","7"
"Var1_606","6"
"Var1_607","6"
"Var1_608","6"
"Var1_609","6"
"Var1_610","7"
"Var1_611","6"
"Var1_612","7"
"Var1_613","7"
"Var1_614","7"
"Var1_615","6"
"Var1_616","6"
"Var1_617","7"
"Var1_618","7"
"Var1_619","6"
"Var1_620","7"
"Var1_621","7"
"Var1_622","7"
"Var1_623","7"
"Var1_624","7"
"Var1_625","7"
"Var1_626","6"
"Var1_627","7"
"Var1_628","8"
"Var1_629","7"
"Var1_630","6"
"Var1_631","7"
"Var1_632","7"
"Var1_633","6"
"Var1_634","7"
"Var1_635","7"
"Var1_636","7"
"Var1_637","7"
"Var1_638","6"
"Var1_639","7"
"Var1_640","6"
"Var1_641","3"
"Var1_642","6"
"Var1_643","6"
"Var1_644","6"
"Var1_645","6"
"Var1_646","6"
"Var1_647","7"
"Var1_648","6"
"Var1_649","7"
"Var1_650","6"
"Var1_651","6"
"Var1_652","7"
"Var1_653","6"
"Var1_654","7"
"Var1_655","9"
"Var1_656","6"
"Var1_657","6"
"Var1_658","7"
"Var1_659","6"
"Var1_660","7"
"Var1_661","6"
"Var1_662","6"
"Var1_663","7"
"Var1_664","7"
"Var1_665","6"
"Var1_666","7"
"Var1_667","6"
"Var1_668","6"
"Var1_669","6"
"Var1_670","7"
"Var1_671","6"
"Var1_672","6"
"Var1_673","6"
"Var1_674","6"
"Var1_675","6"
"Var1_676","6"
"Var1_677","6"
"Var1_678","6"
"Var1_679","6"
"Var1_680","7"
"Var1_681","3"
"Var1_682","3"
"Var1_683","3"
"Var1_684","3"
"Var1_685","2"
"Var1_686","3"
"Var1_687","7"
"Var1_688","3"
"Var1_689","3"
"Var1_690","2"
"Var1_691","3"
"Var1_692","3"
"Var1_693","3"
"Var1_694","3"
"Var1_695","3"
"Var1_696","3"
"Var1_697","2"
"Var1_698","3"
"Var1_699","3"
"Var1_700","3"
"Var1_701","3"
"Var1_702","12"
"Var1_703","3"
"Var1_704","3"
"Var1_705","3"
"Var1_706","3"
"Var1_707","3"
"Var1_708","1"
"Var1_709","3"
"Var1_710","9"
"Var1_711","6"
"Var1_712","7"
"Var1_713","9"
"Var1_714","7"
"Var1_715","3"
"Var1_716","3"
"Var1_717","3"
"Var1_718","3"
"Var1_719","3"
"Var1_720","3"
"Var1_721","6"
"Var1_722","3"
"Var1_723","6"
"Var1_724","3"
"Var1_725","3"
"Var1_726","9"
"Var1_727","3"
"Var1_728","3"
"Var1_729","6"
"Var1_730","6"
"Var1_731","6"
"Var1_732","6"
"Var1_733","6"
"Var1_734","6"
"Var1_735","6"
"Var1_736","3"
"Var1_737","6"
"Var1_738","6"
"Var1_739","6"
"Var1_740","3"
"Var1_741","6"
"Var1_742","9"
"Var1_743","6"
"Var1_744","6"
"Var1_745","9"
"Var1_746","6"
"Var1_747","3"
"Var1_748","3"
"Var1_749","3"
"Var1_750","2"
"Var1_751","3"
"Var1_752","3"
"Var1_753","3"
"Var1_754","2"
"Var1_755","3"
"Var1_756","3"
"Var1_757","3"
"Var1_758","3"
"Var1_759","3"
"Var1_760","2"
"Var1_761","3"
"Var1_762","3"
"Var1_763","3"
"Var1_764","3"
"Var1_765","3"
"Var1_766","3"
"Var1_767","3"
"Var1_768","3"
"Var1_769","12"
"Var1_770","3"
"Var1_771","3"
"Var1_772","3"
"Var1_773","3"
"Var1_774","3"
"Var1_775","3"
"Var1_776","3"
"Var1_777","3"
"Var1_778","3"
"Var1_779","3"
"Var1_780","3"
"Var1_781","3"
"Var1_782","2"
"Var1_783","3"
"Var1_784","3"
"Var1_785","3"
"Var1_786","12"
"Var1_787","3"
"Var1_788","3"
"Var1_789","3"
"Var1_790","2"
"Var1_791","3"
"Var1_792","3"
"Var1_793","3"
"Var1_794","3"
"Var1_795","3"
"Var1_796","3"
"Var1_797","3"
"Var1_798","2"
"Var1_799","3"
"Var1_800","2"
"Var1_801","3"
"Var1_802","3"
"Var1_803","3"
"Var1_804","3"
"Var1_805","3"
"Var1_806","3"
"Var1_807","3"
"Var1_808","3"
"Var1_809","2"
"Var1_810","3"
"Var1_811","3"
"Var1_812","3"
"Var1_813","3"
"Var1_814","3"
"Var1_815","3"
"Var1_816","2"
"Var1_817","3"
"Var1_818","3"
"Var1_819","3"
"Var1_820","3"
"Var1_821","3"
"Var1_822","3"
"Var1_823","3"
"Var1_824","3"
"Var1_825","3"
"Var1_826","3"
"Var1_827","3"
"Var1_828","3"
"Var1_829","3"
"Var1_830","3"
"Var1_831","3"
"Var1_832","3"
"Var1_833","3"
"Var1_834","3"
"Var1_835","3"
"Var1_836","3"
"Var1_837","3"
"Var1_838","3"
"Var1_839","3"
"Var1_840","3"
"Var1_841","3"
"Var1_842","3"
"Var1_843","3"
"Var1_844","3"
"Var1_845","6"
"Var1_846","3"
"Var1_847","3"
"Var1_848","3"
"Var1_849","3"
"Var1_850","3"
"Var1_851","3"
"Var1_852","3"
"Var1_853","3"
"Var1_854","3"
"Var1_855","3"
"Var1_856","3"
"Var1_857","3"
"Var1_858","3"
"Var1_859","12"
"Var1_860","3"
"Var1_861","3"
"Var1_862","3"
"Var1_863","3"
"Var1_864","3"
"Var1_865","3"
"Var1_866","3"
"Var1_867","3"
"Var1_868","3"
"Var1_869","3"
"Var1_870","3"
"Var1_871","3"
"Var1_872","3"
"Var1_873","3"
"Var1_874","3"
"Var1_875","3"
"Var1_876","3"
"Var1_877","1"
"Var1_878","3"
"Var1_879","1"
"Var1_880","1"
"Var1_881","1"
"Var1_882","1"
"Var1_883","1"
"Var1_884","1"
"Var1_885","3"
"Var1_886","1"
"Var1_887","1"
"Var1_888","1"
"Var1_889","1"
"Var1_890","3"
"Var1_891","1"
"Var1_892","3"
"Var1_893","1"
"Var1_894","3"
"Var1_895","1"
"Var1_896","3"
"Var1_897","1"
"Var1_898","3"
"Var1_899","1"
"Var1_900","3"
"Var1_901","3"
"Var1_902","3"
"Var1_903","3"
"Var1_904","3"
"Var1_905","3"
"Var1_906","3"
"Var1_907","3"
"Var1_908","3"
"Var1_909","3"
"Var1_910","1"
"Var1_911","3"
"Var1_912","3"
"Var1_913","1"
"Var1_914","3"
"Var1_915","3"
"Var1_916","3"
"Var1_917","1"
"Var1_918","11"
"Var1_919","3"
"Var1_920","1"
"Var1_921","1"
"Var1_922","3"
"Var1_923","3"
"Var1_924","3"
"Var1_925","3"
"Var1_926","3"
"Var1_927","1"
"Var1_928","3"
"Var1_929","1"
"Var1_930","3"
"Var1_931","3"
"Var1_932","1"
"Var1_933","3"
"Var1_934","3"
"Var1_935","3"
"Var1_936","1"
"Var1_937","1"
"Var1_938","1"
"Var1_939","1"
"Var1_940","1"
"Var1_941","1"
"Var1_942","1"
"Var1_943","1"
"Var1_944","1"
"Var1_945","1"
"Var1_946","1"
"Var1_947","1"
"Var1_948","1"
"Var1_949","1"
"Var1_950","1"
"Var1_951","1"
"Var1_952","1"
"Var1_953","1"
"Var1_954","1"
"Var1_955","1"
"Var1_956","1"
"Var1_957","1"
"Var1_958","1"
"Var1_959","1"
"Var1_960","1"
"Var1_961","1"
"Var1_962","1"
"Var1_963","1"
"Var1_964","1"
"Var1_965","1"
"Var1_966","1"
"Var1_967","1"
"Var1_968","1"
"Var1_969","1"
"Var1_970","1"
"Var1_971","3"
"Var1_972","1"
"Var1_973","1"
"Var1_974","3"
"Var1_975","1"
"Var1_976","1"
"Var1_977","1"
"Var1_978","1"
"Var1_979","1"
"Var1_980","1"
"Var1_981","1"
"Var1_982","1"
"Var1_983","1"
"Var1_984","3"
"Var1_985","1"
"Var1_986","1"
"Var1_987","1"
"Var1_988","3"
"Var1_989","3"
"Var1_990","1"
"Var1_991","1"
"Var1_992","1"
"Var1_993","1"
"Var1_994","3"
"Var1_995","3"
"Var1_996","3"
"Var1_997","1"
"Var1_998","3"
"Var1_999","3"
"Var1_1000","2"
"Var1_1001","1"
"Var1_1002","1"
"Var1_1003","3"
"Var1_1004","3"
"Var1_1005","3"
"Var1_1006","3"
"Var1_1007","3"
"Var1_1008","3"
"Var1_1009","3"
"Var1_1010","3"
"Var1_1011","3"
"Var1_1012","1"
"Var1_1013","3"
"Var1_1014","3"
"Var1_1015","3"
"Var1_1016","3"
"Var1_1017","3"
"Var1_1018","3"
"Var1_1019","3"
"Var1_1020","3"
"Var1_1021","3"
"Var1_1022","3"
"Var1_1023","3"
"Var1_1024","3"
"Var1_1025","1"
"Var1_1026","3"
"Var1_1027","3"
"Var1_1028","3"
"Var1_1029","3"
"Var1_1030","3"
"Var1_1031","1"
"Var1_1032","3"
"Var1_1033","3"
"Var1_1034","1"
"Var1_1035","3"
"Var1_1036","1"
"Var1_1037","3"
"Var1_1038","3"
"Var1_1039","3"
"Var1_1040","3"
"Var1_1041","3"
"Var1_1042","3"
"Var1_1043","3"
"Var1_1044","2"
"Var1_1045","2"
"Var1_1046","3"
"Var1_1047","3"
"Var1_1048","2"
"Var1_1049","3"
"Var1_1050","3"
"Var1_1051","2"
"Var1_1052","2"
"Var1_1053","2"
"Var1_1054","2"
"Var1_1055","2"
"Var1_1056","3"
"Var1_1057","3"
"Var1_1058","2"
"Var1_1059","3"
"Var1_1060","2"
"Var1_1061","3"
"Var1_1062","3"
"Var1_1063","2"
"Var1_1064","2"
"Var1_1065","2"
"Var1_1066","2"
"Var1_1067","3"
"Var1_1068","2"
"Var1_1069","2"
"Var1_1070","2"
"Var1_1071","2"
"Var1_1072","3"
"Var1_1073","2"
"Var1_1074","2"
"Var1_1075","2"
"Var1_1076","3"
"Var1_1077","3"
"Var1_1078","2"
"Var1_1079","2"
"Var1_1080","2"
"Var1_1081","2"
"Var1_1082","2"
"Var1_1083","2"
"Var1_1084","2"
"Var1_1085","2"
"Var1_1086","2"
"Var1_1087","3"
"Var1_1088","3"
"Var1_1089","2"
"Var1_1090","2"
"Var1_1091","2"
"Var1_1092","2"
"Var1_1093","2"
"Var1_1094","2"
"Var1_1095","2"
"Var1_1096","2"
"Var1_1097","2"
"Var1_1098","2"
"Var1_1099","3"
"Var1_1100","2"
"Var1_1101","2"
"Var1_1102","3"
"Var1_1103","2"
"Var1_1104","2"
"Var1_1105","2"
"Var1_1106","2"
"Var1_1107","2"
"Var1_1108","3"
"Var1_1109","2"
"Var1_1110","2"
"Var1_1111","2"
"Var1_1112","2"
"Var1_1113","2"
"Var1_1114","2"
"Var1_1115","2"
"Var1_1116","2"
"Var1_1117","2"
"Var1_1118","2"
"Var1_1119","2"
"Var1_1120","2"
"Var1_1121","2"
"Var1_1122","2"
"Var1_1123","2"
"Var1_1124","2"
"Var1_1125","2"
"Var1_1126","2"
"Var1_1127","2"
"Var1_1128","2"
"Var1_1129","2"
"Var1_1130","2"
"Var1_1131","2"
"Var1_1132","2"
"Var1_1133","2"
"Var1_1134","2"
"Var1_1135","2"
"Var1_1136","2"
"Var1_1137","2"
"Var1_1138","2"
"Var1_1139","2"
"Var1_1140","2"
"Var1_1141","2"
"Var1_1142","2"
"Var1_1143","2"
"Var1_1144","2"
"Var1_1145","2"
"Var1_1146","1"
"Var1_1147","2"
"Var1_1148","2"
"Var1_1149","2"
"Var1_1150","2"
"Var1_1151","2"
"Var1_1152","2"
"Var1_1153","2"
"Var1_1154","2"
"Var1_1155","2"
"Var1_1156","2"
"Var1_1157","2"
"Var1_1158","2"
"Var1_1159","2"
"Var1_1160","2"
"Var1_1161","2"
"Var1_1162","2"
"Var1_1163","2"
"Var1_1164","2"
"Var1_1165","2"
"Var1_1166","2"
"Var1_1167","2"
"Var1_1168","2"
"Var1_1169","2"
"Var1_1170","2"
"Var1_1171","2"
"Var1_1172","2"
"Var1_1173","2"
"Var1_1174","2"
"Var1_1175","2"
"Var1_1176","2"
"Var1_1177","2"
"Var1_1178","2"
"Var1_1179","2"
"Var1_1180","2"
"Var1_1181","2"
"Var1_1182","2"
"Var1_1183","2"
"Var1_1184","2"
"Var1_1185","2"
"Var1_1186","2"
"Var1_1187","2"
"Var1_1188","2"
"Var1_1189","2"
"Var1_1190","2"
"Var1_1191","2"
"Var1_1192","2"
"Var1_1193","2"
"Var1_1194","2"
"Var1_1195","2"
"Var1_1196","1"
"Var1_1197","2"
"Var1_1198","2"
"Var1_1199","3"
"Var1_1200","1"
"Var1_1201","1"
"Var1_1202","2"
"Var1_1203","2"
"Var1_1204","1"
"Var1_1205","3"
"Var1_1206","2"
"Var1_1207","2"
"Var1_1208","2"
"Var1_1209","2"
"Var1_1210","1"
"Var1_1211","2"
"Var1_1212","1"
"Var1_1213","1"
"Var1_1214","1"
"Var1_1215","1"
"Var1_1216","1"
"Var1_1217","1"
"Var1_1218","1"
"Var1_1219","1"
"Var1_1220","1"
"Var1_1221","1"
"Var1_1222","1"
"Var1_1223","1"
"Var1_1224","1"
"Var1_1225","1"
"Var1_1226","1"
"Var1_1227","1"
"Var1_1228","1"
"Var1_1229","1"
"Var1_1230","1"
"Var1_1231","1"
"Var1_1232","1"
"Var1_1233","1"
"Var1_1234","1"
"Var1_1235","1"
"Var1_1236","1"
"Var1_1237","1"
"Var1_1238","1"
"Var1_1239","1"
"Var1_1240","1"
"Var1_1241","12"
"Var1_1242","1"
"Var1_1243","1"
"Var1_1244","1"
"Var1_1245","1"
"Var1_1246","1"
"Var1_1247","1"
"Var1_1248","1"
"Var1_1249","1"
"Var1_1250","1"
"Var1_1251","1"
"Var1_1252","1"
"Var1_1253","2"
"Var1_1254","1"
"Var1_1255","1"
"Var1_1256","1"
"Var1_1257","1"
"Var1_1258","1"
"Var1_1259","1"
"Var1_1260","1"
"Var1_1261","1"
"Var1_1262","1"
"Var1_1263","1"
"Var1_1264","1"
"Var1_1265","1"
"Var1_1266","1"
"Var1_1267","1"
"Var1_1268","1"
"Var1_1269","1"
"Var1_1270","1"
"Var1_1271","1"
"Var1_1272","1"
"Var1_1273","1"
"Var1_1274","1"
"Var1_1275","1"
"Var1_1276","1"
"Var1_1277","2"
"Var1_1278","1"
"Var1_1279","1"
"Var1_1280","1"
"Var1_1281","2"
"Var1_1282","3"
"Var1_1283","1"
"Var1_1284","1"
"Var1_1285","1"
"Var1_1286","1"
"Var1_1287","2"
"Var1_1288","2"
"Var1_1289","1"
"Var1_1290","1"
"Var1_1291","1"
"Var1_1292","1"
"Var1_1293","1"
"Var1_1294","1"
"Var1_1295","1"
"Var1_1296","1"
"Var1_1297","1"
"Var1_1298","3"
"Var1_1299","1"
"Var1_1300","3"
"Var1_1301","11"
"Var1_1302","1"
"Var1_1303","1"
"Var1_1304","1"
"Var1_1305","1"
"Var1_1306","1"
"Var1_1307","1"
"Var1_1308","1"
"Var1_1309","1"
"Var1_1310","1"
"Var1_1311","1"
"Var1_1312","1"
"Var1_1313","1"
"Var1_1314","1"
"Var1_1315","1"
"Var1_1316","1"
"Var1_1317","1"
"Var1_1318","1"
"Var1_1319","1"
"Var1_1320","1"
"Var1_1321","1"
"Var1_1322","1"
"Var1_1323","1"
"Var1_1324","1"
"Var1_1325","1"
"Var1_1326","1"
"Var1_1327","1"
"Var1_1328","1"
"Var1_1329","1"
"Var1_1330","1"
"Var1_1331","1"
"Var1_1332","1"
"Var1_1333","1"
"Var1_1334","1"
"Var1_1335","1"
"Var1_1336","1"
"Var1_1337","1"
"Var1_1338","1"
"Var1_1339","1"
"Var1_1340","1"
"Var1_1341","1"
"Var1_1342","1"
"Var1_1343","1"
"Var1_1344","1"
"Var1_1345","1"
"Var1_1346","3"
"Var1_1347","3"
"Var1_1348","3"
"Var1_1349","3"
"Var1_1350","3"
"Var1_1351","3"
"Var1_1352","3"
"Var1_1353","3"
"Var1_1354","3"
"Var1_1355","3"
"Var1_1356","3"
"Var1_1357","2"
"Var1_1358","3"
"Var1_1359","3"
"Var1_1360","3"
"Var1_1361","3"
"Var1_1362","3"
"Var1_1363","3"
"Var1_1364","2"
"Var1_1365","3"
"Var1_1366","3"
"Var1_1367","2"
"Var1_1368","3"
"Var1_1369","3"
"Var1_1370","2"
"Var1_1371","2"
"Var1_1372","2"
"Var1_1373","3"
"Var1_1374","3"
"Var1_1375","3"
"Var1_1376","3"
"Var1_1377","3"
"Var1_1378","3"
"Var1_1379","3"
"Var1_1380","3"
"Var1_1381","3"
"Var1_1382","3"
"Var1_1383","3"
"Var1_1384","3"
"Var1_1385","3"
"Var1_1386","3"
"Var1_1387","3"
"Var1_1388","3"
"Var1_1389","3"
"Var1_1390","3"
"Var1_1391","3"
"Var1_1392","2"
"Var1_1393","3"
"Var1_1394","3"
"Var1_1395","3"
"Var1_1396","2"
"Var1_1397","2"
"Var1_1398","2"
"Var1_1399","2"
"Var1_1400","2"
"Var1_1401","2"
"Var1_1402","1"
"Var1_1403","3"
"Var1_1404","3"
"Var1_1405","2"
"Var1_1406","2"
"Var1_1407","3"
"Var1_1408","3"
"Var1_1409","3"
"Var1_1410","2"
"Var1_1411","3"
"Var1_1412","3"
"Var1_1413","2"
"Var1_1414","3"
"Var1_1415","2"
"Var1_1416","2"
"Var1_1417","2"
"Var1_1418","2"
"Var1_1419","2"
"Var1_1420","2"
"Var1_1421","2"
"Var1_1422","2"
"Var1_1423","2"
"Var1_1424","3"
"Var1_1425","1"
"Var1_1426","1"
"Var1_1427","1"
"Var1_1428","3"
"Var1_1429","3"
"Var1_1430","3"
"Var1_1431","1"
"Var1_1432","3"
"Var1_1433","3"
"Var1_1434","2"
"Var1_1435","2"
"Var1_1436","2"
"Var1_1437","2"
"Var1_1438","2"
"Var1_1439","2"
"Var1_1440","2"
"Var1_1441","3"
"Var1_1442","2"
"Var1_1443","2"
"Var1_1444","2"
"Var1_1445","2"
"Var1_1446","2"
"Var1_1447","2"
"Var1_1448","3"
"Var1_1449","2"
"Var1_1450","2"
"Var1_1451","1"
"Var1_1452","1"
"Var1_1453","3"
"Var1_1454","3"
"Var1_1455","3"
"Var1_1456","3"
"Var1_1457","3"
"Var1_1458","3"
"Var1_1459","3"
"Var1_1460","2"
"Var1_1461","2"
"Var1_1462","2"
"Var1_1463","2"
"Var1_1464","2"
"Var1_1465","2"
"Var1_1466","2"
"Var1_1467","2"
"Var1_1468","2"
"Var1_1469","2"
"Var1_1470","2"
"Var1_1471","2"
"Var1_1472","2"
"Var1_1473","2"
"Var1_1474","2"
"Var1_1475","2"
"Var1_1476","2"
"Var1_1477","1"
"Var1_1478","1"
"Var1_1479","2"
"Var1_1480","1"
"Var1_1481","1"
"Var1_1482","1"
"Var1_1483","1"
"Var1_1484","2"
"Var1_1485","3"
"Var1_1486","2"
"Var1_1487","2"
"Var1_1488","2"
"Var1_1489","2"
"Var1_1490","2"
"Var1_1491","2"
"Var1_1492","2"
"Var1_1493","2"
"Var1_1494","2"
"Var1_1495","2"
"Var1_1496","2"
"Var1_1497","2"
"Var1_1498","2"
"Var1_1499","2"
"Var1_1500","2"
"Var1_1501","1"
"Var1_1502","2"
"Var1_1503","1"
"Var1_1504","1"
"Var1_1505","3"
"Var1_1506","1"
"Var1_1507","1"
"Var1_1508","2"
"Var1_1509","2"
"Var1_1510","2"
"Var1_1511","1"
"Var1_1512","2"
"Var1_1513","2"
"Var1_1514","2"
"Var1_1515","2"
"Var1_1516","2"
"Var1_1517","2"
"Var1_1518","2"
"Var1_1519","2"
"Var1_1520","2"
"Var1_1521","3"
"Var1_1522","2"
"Var1_1523","2"
"Var1_1524","1"
"Var1_1525","2"
"Var1_1526","1"
"Var1_1527","2"
"Var1_1528","1"
"Var1_1529","2"
"Var1_1530","1"
"Var1_1531","3"
"Var1_1532","1"
"Var1_1533","1"
"Var1_1534","3"
"Var1_1535","2"
"Var1_1536","2"
"Var1_1537","2"
"Var1_1538","2"
"Var1_1539","2"
"Var1_1540","2"
"Var1_1541","2"
"Var1_1542","1"
"Var1_1543","2"
"Var1_1544","2"
"Var1_1545","2"
"Var1_1546","1"
"Var1_1547","1"
"Var1_1548","3"
"Var1_1549","3"
"Var1_1550","2"
"Var1_1551","2"
"Var1_1552","2"
"Var1_1553","2"
"Var1_1554","2"
"Var1_1555","2"
"Var1_1556","2"
"Var1_1557","2"
"Var1_1558","2"
"Var1_1559","2"
"Var1_1560","2"
"Var1_1561","1"
"Var1_1562","2"
"Var1_1563","2"
"Var1_1564","15"
"Var1_1565","1"
"Var1_1566","1"
"Var1_1567","1"
"Var1_1568","1"
"Var1_1569","2"
"Var1_1570","2"
"Var1_1571","2"
"Var1_1572","2"
"Var1_1573","2"
"Var1_1574","1"
"Var1_1575","1"
"Var1_1576","3"
"Var1_1577","2"
"Var1_1578","2"
"Var1_1579","2"
"Var1_1580","2"
"Var1_1581","1"
"Var1_1582","1"
"Var1_1583","1"
"Var1_1584","2"
"Var1_1585","1"
"Var1_1586","1"
"Var1_1587","1"
"Var1_1588","2"
"Var1_1589","2"
"Var1_1590","2"
"Var1_1591","2"
"Var1_1592","2"
"Var1_1593","2"
"Var1_1594","1"
"Var1_1595","1"
"Var1_1596","1"
"Var1_1597","1"
"Var1_1598","1"
"Var1_1599","1"
"Var1_1600","1"
"Var1_1601","1"
"Var1_1602","2"
"Var1_1603","2"
"Var1_1604","2"
"Var1_1605","2"
"Var1_1606","2"
"Var1_1607","1"
"Var1_1608","2"
"Var1_1609","1"
"Var1_1610","1"
"Var1_1611","1"
"Var1_1612","1"
"Var1_1613","1"
"Var1_1614","1"
"Var1_1615","2"
"Var1_1616","3"
"Var1_1617","2"
"Var1_1618","2"
"Var1_1619","1"
"Var1_1620","1"
"Var1_1621","1"
"Var1_1622","1"
"Var1_1623","2"
"Var1_1624","1"
"Var1_1625","1"
"Var1_1626","1"
"Var1_1627","2"
"Var1_1628","1"
"Var1_1629","16"
"Var1_1630","16"
"Var1_1631","16"
"Var1_1632","16"
"Var1_1633","16"
"Var1_1634","16"
"Var1_1635","16"
"Var1_1636","17"
"Var1_1637","16"
"Var1_1638","16"
"Var1_1639","16"
"Var1_1640","16"
"Var1_1641","16"
"Var1_1642","16"
"Var1_1643","16"
"Var1_1644","16"
"Var1_1645","16"
"Var1_1646","16"
"Var1_1647","16"
"Var1_1648","16"
"Var1_1649","16"
"Var1_1650","4"
"Var1_1651","16"
"Var1_1652","16"
"Var1_1653","16"
"Var1_1654","16"
"Var1_1655","16"
"Var1_1656","16"
"Var1_1657","16"
"Var1_1658","16"
"Var1_1659","16"
"Var1_1660","16"
"Var1_1661","16"
"Var1_1662","16"
"Var1_1663","16"
"Var1_1664","16"
"Var1_1665","16"
"Var1_1666","16"
"Var1_1667","16"
"Var1_1668","16"
"Var1_1669","16"
"Var1_1670","16"
"Var1_1671","16"
"Var1_1672","16"
"Var1_1673","17"
"Var1_1674","16"
"Var1_1675","16"
"Var1_1676","17"
"Var1_1677","17"
"Var1_1678","17"
"Var1_1679","17"
"Var1_1680","9"
"Var1_1681","16"
"Var1_1682","9"
"Var1_1683","16"
"Var1_1684","16"
"Var1_1685","16"
"Var1_1686","16"
"Var1_1687","9"
"Var1_1688","16"
"Var1_1689","9"
"Var1_1690","16"
"Var1_1691","16"
"Var1_1692","16"
"Var1_1693","16"
"Var1_1694","12"
"Var1_1695","16"
"Var1_1696","16"
"Var1_1697","16"
"Var1_1698","16"
"Var1_1699","9"
"Var1_1700","16"
"Var1_1701","16"
"Var1_1702","16"
"Var1_1703","16"
"Var1_1704","16"
"Var1_1705","16"
"Var1_1706","3"
"Var1_1707","16"
"Var1_1708","16"
"Var1_1709","16"
"Var1_1710","16"
"Var1_1711","5"
"Var1_1712","16"
"Var1_1713","16"
"Var1_1714","17"
"Var1_1715","16"
"Var1_1716","16"
"Var1_1717","16"
"Var1_1718","16"
"Var1_1719","16"
"Var1_1720","5"
"Var1_1721","16"
"Var1_1722","16"
"Var1_1723","16"
"Var1_1724","5"
"Var1_1725","17"
"Var1_1726","16"
"Var1_1727","5"
"Var1_1728","16"
"Var1_1729","16"
"Var1_1730","16"
"Var1_1731","4"
"Var1_1732","16"
"Var1_1733","16"
"Var1_1734","16"
"Var1_1735","16"
"Var1_1736","16"
"Var1_1737","16"
"Var1_1738","16"
"Var1_1739","16"
"Var1_1740","16"
"Var1_1741","16"
"Var1_1742","16"
"Var1_1743","16"
"Var1_1744","3"
"Var1_1745","7"
"Var1_1746","16"
"Var1_1747","16"
"Var1_1748","16"
"Var1_1749","16"
"Var1_1750","16"
"Var1_1751","16"
"Var1_1752","16"
"Var1_1753","16"
"Var1_1754","16"
"Var1_1755","16"
"Var1_1756","16"
"Var1_1757","16"
"Var1_1758","16"
"Var1_1759","16"
"Var1_1760","16"
"Var1_1761","16"
"Var1_1762","5"
"Var1_1763","5"
"Var1_1764","5"
"Var1_1765","5"
"Var1_1766","5"
"Var1_1767","17"
"Var1_1768","5"
"Var1_1769","5"
"Var1_1770","16"
"Var1_1771","5"
"Var1_1772","17"
"Var1_1773","5"
"Var1_1774","5"
"Var1_1775","5"
"Var1_1776","12"
"Var1_1777","5"
"Var1_1778","5"
"Var1_1779","5"
"Var1_1780","5"
"Var1_1781","5"
"Var1_1782","5"
"Var1_1783","5"
"Var1_1784","5"
"Var1_1785","5"
"Var1_1786","7"
"Var1_1787","5"
"Var1_1788","5"
"Var1_1789","5"
"Var1_1790","5"
"Var1_1791","5"
"Var1_1792","5"
"Var1_1793","6"
"Var1_1794","5"
"Var1_1795","5"
"Var1_1796","5"
"Var1_1797","5"
"Var1_1798","5"
"Var1_1799","5"
"Var1_1800","5"
"Var1_1801","5"
"Var1_1802","5"
"Var1_1803","5"
"Var1_1804","12"
"Var1_1805","5"
"Var1_1806","5"
"Var1_1807","5"
"Var1_1808","5"
"Var1_1809","5"
"Var1_1810","5"
"Var1_1811","5"
"Var1_1812","5"
"Var1_1813","9"
"Var1_1814","8"
"Var1_1815","5"
"Var1_1816","5"
"Var1_1817","5"
"Var1_1818","5"
"Var1_1819","5"
"Var1_1820","5"
"Var1_1821","5"
"Var1_1822","5"
"Var1_1823","5"
"Var1_1824","5"
"Var1_1825","5"
"Var1_1826","5"
"Var1_1827","5"
"Var1_1828","5"
"Var1_1829","5"
"Var1_1830","5"
"Var1_1831","5"
"Var1_1832","5"
"Var1_1833","5"
"Var1_1834","5"
"Var1_1835","5"
"Var1_1836","5"
"Var1_1837","5"
"Var1_1838","5"
"Var1_1839","5"
"Var1_1840","5"
"Var1_1841","5"
"Var1_1842","5"
"Var1_1843","5"
"Var1_1844","5"
"Var1_1845","5"
"Var1_1846","5"
"Var1_1847","5"
"Var1_1848","5"
"Var1_1849","5"
"Var1_1850","5"
"Var1_1851","5"
"Var1_1852","5"
"Var1_1853","5"
"Var1_1854","5"
"Var1_1855","4"
"Var1_1856","5"
"Var1_1857","5"
"Var1_1858","5"
"Var1_1859","5"
"Var1_1860","5"
"Var1_1861","5"
"Var1_1862","5"
"Var1_1863","5"
"Var1_1864","7"
"Var1_1865","5"
"Var1_1866","5"
"Var1_1867","5"
"Var1_1868","5"
"Var1_1869","5"
"Var1_1870","5"
"Var1_1871","5"
"Var1_1872","4"
"Var1_1873","5"
"Var1_1874","5"
"Var1_1875","5"
"Var1_1876","4"
"Var1_1877","5"
"Var1_1878","5"
"Var1_1879","5"
"Var1_1880","5"
"Var1_1881","5"
"Var1_1882","5"
"Var1_1883","4"
"Var1_1884","4"
"Var1_1885","5"
"Var1_1886","5"
"Var1_1887","5"
"Var1_1888","4"
"Var1_1889","4"
"Var1_1890","5"
"Var1_1891","5"
"Var1_1892","4"
"Var1_1893","5"
"Var1_1894","5"
"Var1_1895","5"
"Var1_1896","12"
"Var1_1897","6"
"Var1_1898","5"
"Var1_1899","5"
"Var1_1900","1"
"Var1_1901","5"
"Var1_1902","5"
"Var1_1903","4"
"Var1_1904","5"
"Var1_1905","4"
"Var1_1906","5"
"Var1_1907","5"
"Var1_1908","5"
"Var1_1909","5"
"Var1_1910","5"
"Var1_1911","5"
"Var1_1912","5"
"Var1_1913","5"
"Var1_1914","5"
"Var1_1915","5"
"Var1_1916","5"
"Var1_1917","5"
"Var1_1918","5"
"Var1_1919","5"
"Var1_1920","5"
"Var1_1921","4"
"Var1_1922","5"
"Var1_1923","5"
"Var1_1924","5"
"Var1_1925","5"
"Var1_1926","5"
"Var1_1927","5"
"Var1_1928","4"
"Var1_1929","5"
"Var1_1930","5"
"Var1_1931","9"
"Var1_1932","5"
"Var1_1933","5"
"Var1_1934","5"
"Var1_1935","5"
"Var1_1936","5"
"Var1_1937","5"
"Var1_1938","5"
"Var1_1939","5"
"Var1_1940","12"
"Var1_1941","5"
"Var1_1942","5"
"Var1_1943","5"
"Var1_1944","5"
"Var1_1945","5"
"Var1_1946","5"
"Var1_1947","5"
"Var1_1948","5"
"Var1_1949","5"
"Var1_1950","12"
"Var1_1951","5"
"Var1_1952","5"
"Var1_1953","5"
"Var1_1954","5"
"Var1_1955","5"
"Var1_1956","5"
"Var1_1957","5"
"Var1_1958","5"
"Var1_1959","5"
"Var1_1960","5"
"Var1_1961","5"
"Var1_1962","5"
"Var1_1963","5"
"Var1_1964","5"
"Var1_1965","5"
"Var1_1966","5"
"Var1_1967","5"
"Var1_1968","5"
"Var1_1969","5"
"Var1_1970","5"
"Var1_1971","5"
"Var1_1972","5"
"Var1_1973","7"
"Var1_1974","5"
"Var1_1975","5"
"Var1_1976","5"
"Var1_1977","5"
"Var1_1978","5"
"Var1_1979","5"
"Var1_1980","5"
"Var1_1981","5"
"Var1_1982","5"
"Var1_1983","5"
"Var1_1984","5"
"Var1_1985","5"
"Var1_1986","6"
"Var1_1987","5"
"Var1_1988","5"
"Var1_1989","5"
"Var1_1990","5"
"Var1_1991","5"
"Var1_1992","5"
"Var1_1993","5"
"Var1_1994","5"
"Var1_1995","5"
"Var1_1996","5"
"Var1_1997","5"
"Var1_1998","5"
"Var1_1999","5"
"Var1_2000","5"
"Var1_2001","5"
"Var1_2002","5"
"Var1_2003","9"
"Var1_2004","5"
"Var1_2005","5"
"Var1_2006","5"
"Var1_2007","5"
"Var1_2008","5"
"Var1_2009","5"
"Var1_2010","5"
"Var1_2011","5"
"Var1_2012","5"
"Var1_2013","5"
"Var1_2014","5"
"Var1_2015","5"
"Var1_2016","5"
"Var1_2017","5"
"Var1_2018","5"
"Var1_2019","5"
"Var1_2020","5"
"Var1_2021","5"
"Var1_2022","5"
"Var1_2023","5"
"Var1_2024","5"
"Var1_2025","5"
"Var1_2026","5"
"Var1_2027","5"
"Var1_2028","5"
"Var1_2029","6"
"Var1_2030","5"
"Var1_2031","5"
"Var1_2032","5"
"Var1_2033","5"
"Var1_2034","6"
"Var1_2035","7"
"Var1_2036","5"
"Var1_2037","5"
"Var1_2038","5"
"Var1_2039","7"
"Var1_2040","4"
"Var1_2041","7"
"Var1_2042","5"
"Var1_2043","5"
"Var1_2044","5"
"Var1_2045","5"
"Var1_2046","5"
"Var1_2047","5"
"Var1_2048","5"
"Var1_2049","5"
"Var1_2050","5"
"Var1_2051","5"
"Var1_2052","5"
"Var1_2053","5"
"Var1_2054","5"
"Var1_2055","5"
"Var1_2056","5"
"Var1_2057","5"
"Var1_2058","5"
"Var1_2059","5"
"Var1_2060","5"
"Var1_2061","5"
"Var1_2062","5"
"Var1_2063","5"
"Var1_2064","5"
"Var1_2065","5"
"Var1_2066","9"
"Var1_2067","2"
"Var1_2068","5"
"Var1_2069","4"
"Var1_2070","16"
"Var1_2071","5"
"Var1_2072","5"
"Var1_2073","5"
"Var1_2074","5"
"Var1_2075","5"
"Var1_2076","6"
"Var1_2077","5"
"Var1_2078","5"
"Var1_2079","5"
"Var1_2080","5"
"Var1_2081","5"
"Var1_2082","6"
"Var1_2083","5"
"Var1_2084","5"
"Var1_2085","5"
"Var1_2086","5"
"Var1_2087","5"
"Var1_2088","5"
"Var1_2089","5"
"Var1_2090","5"
"Var1_2091","5"
"Var1_2092","5"
"Var1_2093","9"
"Var1_2094","5"
"Var1_2095","4"
"Var1_2096","5"
"Var1_2097","5"
"Var1_2098","5"
"Var1_2099","5"
"Var1_2100","5"
"Var1_2101","5"
"Var1_2102","5"
"Var1_2103","5"
"Var1_2104","5"
"Var1_2105","5"
"Var1_2106","5"
"Var1_2107","5"
"Var1_2108","7"
"Var1_2109","5"
"Var1_2110","16"
"Var1_2111","5"
"Var1_2112","5"
"Var1_2113","5"
"Var1_2114","5"
"Var1_2115","5"
"Var1_2116","4"
"Var1_2117","5"
"Var1_2118","4"
"Var1_2119","5"
"Var1_2120","5"
"Var1_2121","4"
"Var1_2122","5"
"Var1_2123","7"
"Var1_2124","5"
"Var1_2125","5"
"Var1_2126","4"
"Var1_2127","4"
"Var1_2128","5"
"Var1_2129","5"
"Var1_2130","5"
"Var1_2131","5"
"Var1_2132","5"
"Var1_2133","4"
"Var1_2134","5"
"Var1_2135","5"
"Var1_2136","5"
"Var1_2137","17"
"Var1_2138","5"
"Var1_2139","5"
"Var1_2140","5"
"Var1_2141","5"
"Var1_2142","5"
"Var1_2143","5"
"Var1_2144","5"
"Var1_2145","5"
"Var1_2146","5"
"Var1_2147","20"
"Var1_2148","5"
"Var1_2149","5"
"Var1_2150","5"
"Var1_2151","5"
"Var1_2152","9"
"Var1_2153","9"
"Var1_2154","5"
"Var1_2155","5"
"Var1_2156","5"
"Var1_2157","5"
"Var1_2158","5"
"Var1_2159","5"
"Var1_2160","5"
"Var1_2161","4"
"Var1_2162","5"
"Var1_2163","5"
"Var1_2164","4"
"Var1_2165","5"
"Var1_2166","5"
"Var1_2167","5"
"Var1_2168","5"
"Var1_2169","9"
"Var1_2170","5"
"Var1_2171","5"
"Var1_2172","5"
"Var1_2173","9"
"Var1_2174","5"
"Var1_2175","5"
"Var1_2176","7"
"Var1_2177","5"
"Var1_2178","5"
"Var1_2179","5"
"Var1_2180","5"
"Var1_2181","5"
"Var1_2182","12"
"Var1_2183","5"
"Var1_2184","5"
"Var1_2185","5"
"Var1_2186","5"
"Var1_2187","5"
"Var1_2188","5"
"Var1_2189","4"
"Var1_2190","5"
"Var1_2191","9"
"Var1_2192","5"
"Var1_2193","5"
"Var1_2194","5"
"Var1_2195","7"
"Var1_2196","7"
"Var1_2197","5"
"Var1_2198","5"
"Var1_2199","5"
"Var1_2200","5"
"Var1_2201","5"
"Var1_2202","3"
"Var1_2203","5"
"Var1_2204","9"
"Var1_2205","9"
"Var1_2206","6"
"Var1_2207","9"
"Var1_2208","5"
"Var1_2209","6"
"Var1_2210","5"
"Var1_2211","3"
"Var1_2212","5"
"Var1_2213","5"
"Var1_2214","5"
"Var1_2215","12"
"Var1_2216","12"
"Var1_2217","8"
"Var1_2218","18"
"Var1_2219","5"
"Var1_2220","5"
"Var1_2221","17"
"Var1_2222","5"
"Var1_2223","5"
"Var1_2224","9"
"Var1_2225","12"
"Var1_2226","3"
"Var1_2227","12"
"Var1_2228","9"
"Var1_2229","3"
"Var1_2230","5"
"Var1_2231","16"
"Var1_2232","1"
"Var1_2233","16"
"Var1_2234","9"
"Var1_2235","5"
"Var1_2236","16"
"Var1_2237","5"
"Var1_2238","16"
"Var1_2239","3"
"Var1_2240","5"
"Var1_2241","5"
"Var1_2242","5"
"Var1_2243","21"
"Var1_2244","9"
"Var1_2245","5"
"Var1_2246","7"
"Var1_2247","5"
"Var1_2248","5"
"Var1_2249","5"
"Var1_2250","5"
"Var1_2251","5"
"Var1_2252","5"
"Var1_2253","5"
"Var1_2254","5"
"Var1_2255","17"
"Var1_2256","16"
"Var1_2257","5"
"Var1_2258","5"
"Var1_2259","5"
"Var1_2260","5"
"Var1_2261","5"
"Var1_2262","5"
"Var1_2263","5"
"Var1_2264","17"
"Var1_2265","17"
"Var1_2266","5"
"Var1_2267","5"
"Var1_2268","4"
"Var1_2269","5"
"Var1_2270","8"
"Var1_2271","5"
"Var1_2272","5"
"Var1_2273","5"
"Var1_2274","21"
"Var1_2275","16"
"Var1_2276","18"
"Var1_2277","17"
"Var1_2278","5"
"Var1_2279","17"
"Var1_2280","17"
"Var1_2281","5"
"Var1_2282","5"
"Var1_2283","3"
"Var1_2284","5"
"Var1_2285","5"
"Var1_2286","5"
"Var1_2287","5"
"Var1_2288","5"
"Var1_2289","5"
"Var1_2290","5"
"Var1_2291","5"
"Var1_2292","5"
"Var1_2293","5"
"Var1_2294","5"
"Var1_2295","5"
"Var1_2296","17"
"Var1_2297","5"
"Var1_2298","7"
"Var1_2299","16"
"Var1_2300","5"
"Var1_2301","5"
"Var1_2302","5"
"Var1_2303","18"
"Var1_2304","5"
"Var1_2305","5"
"Var1_2306","5"
"Var1_2307","16"
"Var1_2308","16"
"Var1_2309","5"
"Var1_2310","16"
"Var1_2311","5"
"Var1_2312","5"
"Var1_2313","5"
"Var1_2314","5"
"Var1_2315","5"
"Var1_2316","4"
"Var1_2317","5"
"Var1_2318","5"
"Var1_2319","16"
"Var1_2320","5"
"Var1_2321","5"
"Var1_2322","5"
"Var1_2323","5"
"Var1_2324","17"
"Var1_2325","5"
"Var1_2326","5"
"Var1_2327","3"
"Var1_2328","3"
"Var1_2329","5"
"Var1_2330","4"
"Var1_2331","4"
"Var1_2332","5"
"Var1_2333","5"
"Var1_2334","5"
"Var1_2335","4"
"Var1_2336","5"
"Var1_2337","5"
"Var1_2338","7"
"Var1_2339","5"
"Var1_2340","5"
"Var1_2341","3"
"Var1_2342","3"
"Var1_2343","5"
"Var1_2344","5"
"Var1_2345","5"
"Var1_2346","5"
"Var1_2347","5"
"Var1_2348","5"
"Var1_2349","5"
"Var1_2350","5"
"Var1_2351","5"
"Var1_2352","5"
"Var1_2353","5"
"Var1_2354","5"
"Var1_2355","5"
"Var1_2356","5"
"Var1_2357","5"
"Var1_2358","5"
"Var1_2359","5"
"Var1_2360","5"
"Var1_2361","4"
"Var1_2362","16"
"Var1_2363","5"
"Var1_2364","5"
"Var1_2365","5"
"Var1_2366","5"
"Var1_2367","5"
"Var1_2368","5"
"Var1_2369","5"
"Var1_2370","5"
"Var1_2371","4"
"Var1_2372","5"
"Var1_2373","5"
"Var1_2374","5"
"Var1_2375","5"
"Var1_2376","7"
"Var1_2377","5"
"Var1_2378","9"
"Var1_2379","5"
"Var1_2380","5"
"Var1_2381","5"
"Var1_2382","5"
"Var1_2383","3"
"Var1_2384","4"
"Var1_2385","5"
"Var1_2386","5"
"Var1_2387","18"
"Var1_2388","5"
"Var1_2389","4"
"Var1_2390","4"
"Var1_2391","5"
"Var1_2392","16"
"Var1_2393","5"
"Var1_2394","4"
"Var1_2395","17"
"Var1_2396","4"
"Var1_2397","4"
"Var1_2398","4"
"Var1_2399","4"
"Var1_2400","4"
"Var1_2401","4"
"Var1_2402","4"
"Var1_2403","4"
"Var1_2404","5"
"Var1_2405","4"
"Var1_2406","4"
"Var1_2407","4"
"Var1_2408","4"
"Var1_2409","5"
"Var1_2410","17"
"Var1_2411","4"
"Var1_2412","4"
"Var1_2413","4"
"Var1_2414","4"
"Var1_2415","4"
"Var1_2416","17"
"Var1_2417","4"
"Var1_2418","4"
"Var1_2419","4"
"Var1_2420","17"
"Var1_2421","4"
"Var1_2422","4"
"Var1_2423","4"
"Var1_2424","4"
"Var1_2425","4"
"Var1_2426","4"
"Var1_2427","4"
"Var1_2428","5"
"Var1_2429","4"
"Var1_2430","4"
"Var1_2431","5"
"Var1_2432","4"
"Var1_2433","4"
"Var1_2434","4"
"Var1_2435","4"
"Var1_2436","4"
"Var1_2437","5"
"Var1_2438","4"
"Var1_2439","4"
"Var1_2440","4"
"Var1_2441","4"
"Var1_2442","4"
"Var1_2443","4"
"Var1_2444","4"
"Var1_2445","4"
"Var1_2446","4"
"Var1_2447","5"
"Var1_2448","6"
"Var1_2449","20"
"Var1_2450","20"
"Var1_2451","20"
"Var1_2452","3"
"Var1_2453","20"
"Var1_2454","20"
"Var1_2455","21"
"Var1_2456","18"
"Var1_2457","18"
"Var1_2458","20"
"Var1_2459","20"
"Var1_2460","20"
"Var1_2461","20"
"Var1_2462","21"
"Var1_2463","20"
"Var1_2464","9"
"Var1_2465","20"
"Var1_2466","9"
"Var1_2467","20"
"Var1_2468","20"
"Var1_2469","20"
"Var1_2470","16"
"Var1_2471","13"
"Var1_2472","20"
"Var1_2473","20"
"Var1_2474","20"
"Var1_2475","20"
"Var1_2476","20"
"Var1_2477","20"
"Var1_2478","20"
"Var1_2479","20"
"Var1_2480","20"
"Var1_2481","20"
"Var1_2482","20"
"Var1_2483","20"
"Var1_2484","20"
"Var1_2485","9"
"Var1_2486","20"
"Var1_2487","18"
"Var1_2488","20"
"Var1_2489","20"
"Var1_2490","20"
"Var1_2491","20"
"Var1_2492","20"
"Var1_2493","20"
"Var1_2494","20"
"Var1_2495","9"
"Var1_2496","9"
"Var1_2497","20"
"Var1_2498","20"
"Var1_2499","20"
"Var1_2500","20"
"Var1_2501","20"
"Var1_2502","20"
"Var1_2503","20"
"Var1_2504","20"
"Var1_2505","20"
"Var1_2506","20"
"Var1_2507","20"
"Var1_2508","20"
"Var1_2509","20"
"Var1_2510","20"
"Var1_2511","20"
"Var1_2512","18"
"Var1_2513","20"
"Var1_2514","18"
"Var1_2515","5"
"Var1_2516","20"
"Var1_2517","20"
"Var1_2518","20"
"Var1_2519","13"
"Var1_2520","20"
"Var1_2521","20"
"Var1_2522","20"
"Var1_2523","7"
"Var1_2524","20"
"Var1_2525","20"
"Var1_2526","20"
"Var1_2527","6"
"Var1_2528","13"
"Var1_2529","3"
"Var1_2530","20"
"Var1_2531","20"
"Var1_2532","20"
"Var1_2533","20"
"Var1_2534","20"
"Var1_2535","20"
"Var1_2536","20"
"Var1_2537","20"
"Var1_2538","20"
"Var1_2539","20"
"Var1_2540","20"
"Var1_2541","9"
"Var1_2542","20"
"Var1_2543","20"
"Var1_2544","20"
"Var1_2545","20"
"Var1_2546","13"
"Var1_2547","21"
"Var1_2548","18"
"Var1_2549","18"
"Var1_2550","18"
"Var1_2551","12"
"Var1_2552","18"
"Var1_2553","18"
"Var1_2554","18"
"Var1_2555","18"
"Var1_2556","18"
"Var1_2557","18"
"Var1_2558","18"
"Var1_2559","18"
"Var1_2560","18"
"Var1_2561","18"
"Var1_2562","18"
"Var1_2563","18"
"Var1_2564","18"
"Var1_2565","9"
"Var1_2566","18"
"Var1_2567","9"
"Var1_2568","18"
"Var1_2569","18"
"Var1_2570","9"
"Var1_2571","6"
"Var1_2572","18"
"Var1_2573","18"
"Var1_2574","18"
"Var1_2575","18"
"Var1_2576","18"
"Var1_2577","18"
"Var1_2578","18"
"Var1_2579","18"
"Var1_2580","18"
"Var1_2581","18"
"Var1_2582","18"
"Var1_2583","18"
"Var1_2584","18"
"Var1_2585","18"
"Var1_2586","18"
"Var1_2587","18"
"Var1_2588","18"
"Var1_2589","18"
"Var1_2590","18"
"Var1_2591","18"
"Var1_2592","18"
"Var1_2593","9"
"Var1_2594","18"
"Var1_2595","18"
"Var1_2596","18"
"Var1_2597","18"
"Var1_2598","18"
"Var1_2599","18"
"Var1_2600","18"
"Var1_2601","9"
"Var1_2602","18"
"Var1_2603","18"
"Var1_2604","18"
"Var1_2605","18"
"Var1_2606","18"
"Var1_2607","18"
"Var1_2608","9"
"Var1_2609","18"
"Var1_2610","18"
"Var1_2611","18"
"Var1_2612","18"
"Var1_2613","18"
"Var1_2614","18"
"Var1_2615","18"
"Var1_2616","18"
"Var1_2617","3"
"Var1_2618","18"
"Var1_2619","18"
"Var1_2620","18"
"Var1_2621","18"
"Var1_2622","18"
"Var1_2623","18"
"Var1_2624","18"
"Var1_2625","18"
"Var1_2626","18"
"Var1_2627","18"
"Var1_2628","18"
"Var1_2629","21"
"Var1_2630","21"
"Var1_2631","18"
"Var1_2632","18"
"Var1_2633","18"
"Var1_2634","18"
"Var1_2635","18"
"Var1_2636","9"
"Var1_2637","18"
"Var1_2638","18"
"Var1_2639","18"
"Var1_2640","18"
"Var1_2641","18"
"Var1_2642","18"
"Var1_2643","18"
"Var1_2644","18"
"Var1_2645","18"
"Var1_2646","18"
"Var1_2647","18"
"Var1_2648","9"
"Var1_2649","18"
"Var1_2650","6"
"Var1_2651","18"
"Var1_2652","6"
"Var1_2653","18"
"Var1_2654","18"
"Var1_2655","3"
"Var1_2656","7"
"Var1_2657","9"
"Var1_2658","6"
"Var1_2659","13"
"Var1_2660","9"
"Var1_2661","18"
"Var1_2662","18"
"Var1_2663","18"
"Var1_2664","18"
"Var1_2665","18"
"Var1_2666","18"
"Var1_2667","18"
"Var1_2668","18"
"Var1_2669","18"
"Var1_2670","18"
"Var1_2671","18"
"Var1_2672","18"
"Var1_2673","18"
"Var1_2674","18"
"Var1_2675","18"
"Var1_2676","9"
"Var1_2677","18"
"Var1_2678","7"
"Var1_2679","18"
"Var1_2680","18"
"Var1_2681","18"
"Var1_2682","18"
"Var1_2683","21"
"Var1_2684","18"
"Var1_2685","18"
"Var1_2686","18"
"Var1_2687","18"
"Var1_2688","18"
"Var1_2689","18"
"Var1_2690","18"
"Var1_2691","18"
"Var1_2692","18"
"Var1_2693","18"
"Var1_2694","18"
"Var1_2695","18"
"Var1_2696","9"
"Var1_2697","18"
"Var1_2698","3"
"Var1_2699","21"
"Var1_2700","21"
"Var1_2701","21"
"Var1_2702","18"
"Var1_2703","18"
"Var1_2704","4"
"Var1_2705","18"
"Var1_2706","6"
"Var1_2707","5"
"Var1_2708","18"
"Var1_2709","18"
"Var1_2710","18"
"Var1_2711","18"
"Var1_2712","18"
"Var1_2713","9"
"Var1_2714","18"
"Var1_2715","18"
"Var1_2716","18"
"Var1_2717","18"
"Var1_2718","18"
"Var1_2719","18"
"Var1_2720","18"
"Var1_2721","18"
"Var1_2722","19"
"Var1_2723","19"
"Var1_2724","19"
"Var1_2725","19"
"Var1_2726","19"
"Var1_2727","19"
"Var1_2728","19"
"Var1_2729","19"
"Var1_2730","19"
"Var1_2731","19"
"Var1_2732","21"
"Var1_2733","12"
"Var1_2734","19"
"Var1_2735","19"
"Var1_2736","19"
"Var1_2737","19"
"Var1_2738","19"
"Var1_2739","19"
"Var1_2740","19"
"Var1_2741","19"
"Var1_2742","19"
"Var1_2743","19"
"Var1_2744","19"
"Var1_2745","19"
"Var1_2746","19"
"Var1_2747","7"
"Var1_2748","19"
"Var1_2749","19"
"Var1_2750","19"
"Var1_2751","19"
"Var1_2752","19"
"Var1_2753","19"
"Var1_2754","19"
"Var1_2755","19"
"Var1_2756","19"
"Var1_2757","19"
"Var1_2758","19"
"Var1_2759","19"
"Var1_2760","19"
"Var1_2761","19"
"Var1_2762","19"
"Var1_2763","14"
"Var1_2764","19"
"Var1_2765","19"
"Var1_2766","19"
"Var1_2767","19"
"Var1_2768","19"
"Var1_2769","19"
"Var1_2770","19"
"Var1_2771","19"
"Var1_2772","19"
"Var1_2773","19"
"Var1_2774","19"
"Var1_2775","19"
"Var1_2776","19"
"Var1_2777","21"
"Var1_2778","19"
"Var1_2779","19"
"Var1_2780","19"
"Var1_2781","19"
"Var1_2782","6"
"Var1_2783","19"
"Var1_2784","18"
"Var1_2785","19"
"Var1_2786","19"
"Var1_2787","19"
"Var1_2788","19"
"Var1_2789","19"
"Var1_2790","9"
"Var1_2791","19"
"Var1_2792","19"
"Var1_2793","19"
"Var1_2794","19"
"Var1_2795","19"
"Var1_2796","21"
"Var1_2797","19"
"Var1_2798","19"
"Var1_2799","14"
"Var1_2800","19"
"Var1_2801","5"
"Var1_2802","19"
"Var1_2803","19"
"Var1_2804","19"
"Var1_2805","19"
"Var1_2806","19"
"Var1_2807","5"
"Var1_2808","21"
"Var1_2809","19"
"Var1_2810","21"
"Var1_2811","19"
"Var1_2812","21"
"Var1_2813","21"
"Var1_2814","3"
"Var1_2815","17"
"Var1_2816","16"
"Var1_2817","21"
"Var1_2818","19"
"Var1_2819","3"
"Var1_2820","21"
"Var1_2821","5"
"Var1_2822","21"
"Var1_2823","21"
"Var1_2824","19"
"Var1_2825","21"
"Var1_2826","19"
"Var1_2827","21"
"Var1_2828","21"
"Var1_2829","5"
"Var1_2830","21"
"Var1_2831","19"
"Var1_2832","19"
"Var1_2833","21"
"Var1_2834","21"
"Var1_2835","19"
"Var1_2836","21"
"Var1_2837","21"
"Var1_2838","21"
"Var1_2839","21"
"Var1_2840","4"
"Var1_2841","21"
"Var1_2842","21"
"Var1_2843","21"
"Var1_2844","13"
"Var1_2845","21"
"Var1_2846","21"
"Var1_2847","21"
"Var1_2848","3"
"Var1_2849","21"
"Var1_2850","21"
"Var1_2851","3"
"Var1_2852","21"
"Var1_2853","21"
"Var1_2854","21"
"Var1_2855","18"
"Var1_2856","13"
"Var1_2857","21"
"Var1_2858","21"
"Var1_2859","21"
"Var1_2860","21"
"Var1_2861","9"
"Var1_2862","21"
"Var1_2863","21"
"Var1_2864","21"
"Var1_2865","9"
"Var1_2866","21"
"Var1_2867","21"
"Var1_2868","21"
"Var1_2869","21"
"Var1_2870","21"
"Var1_2871","21"
"Var1_2872","21"
"Var1_2873","21"
"Var1_2874","21"
"Var1_2875","21"
"Var1_2876","3"
"Var1_2877","9"
"Var1_2878","21"
"Var1_2879","21"
"Var1_2880","19"
"Var1_2881","21"
"Var1_2882","19"
"Var1_2883","19"
"Var1_2884","7"
"Var1_2885","21"
"Var1_2886","18"
"Var1_2887","21"
"Var1_2888","12"
"Var1_2889","21"
"Var1_2890","21"
"Var1_2891","21"
"Var1_2892","18"
"Var1_2893","9"
"Var1_2894","21"
"Var1_2895","9"
"Var1_2896","12"
"Var1_2897","21"
"Var1_2898","3"
"Var1_2899","21"
"Var1_2900","21"
"Var1_2901","3"
"Var1_2902","21"
"Var1_2903","9"
"Var1_2904","9"
"Var1_2905","7"
"Var1_2906","12"
"Var1_2907","19"
"Var1_2908","9"
"Var1_2909","21"
"Var1_2910","18"
"Var1_2911","21"
"Var1_2912","21"
"Var1_2913","9"
"Var1_2914","6"
"Var1_2915","21"
"Var1_2916","5"
"Var1_2917","21"
"Var1_2918","21"
"Var1_2919","12"
"Var1_2920","3"
"Var1_2921","21"
"Var1_2922","21"
"Var1_2923","21"
"Var1_2924","13"
"Var1_2925","13"
"Var1_2926","21"
"Var1_2927","21"
"Var1_2928","21"
"Var1_2929","21"
"Var1_2930","13"
"Var1_2931","3"
"Var1_2932","21"
"Var1_2933","21"
"Var1_2934","13"
"Var1_2935","21"
"Var1_2936","4"
"Var1_2937","21"
"Var1_2938","13"
"Var1_2939","21"
"Var1_2940","21"
"Var1_2941","21"
"Var1_2942","21"
"Var1_2943","13"
"Var1_2944","12"
"Var1_2945","9"
"Var1_2946","21"
"Var1_2947","21"
"Var1_2948","21"
"Var1_2949","21"
"Var1_2950","18"
"Var1_2951","21"
"Var1_2952","21"
"Var1_2953","21"
"Var1_2954","21"
"Var1_2955","18"
"Var1_2956","21"
"Var1_2957","21"
"Var1_2958","21"
"Var1_2959","9"
"Var1_2960","16"
"Var1_2961","21"
"Var1_2962","21"
"Var1_2963","21"
"Var1_2964","21"
"Var1_2965","21"
"Var1_2966","21"
"Var1_2967","21"
"Var1_2968","21"
"Var1_2969","21"
"Var1_2970","9"
"Var1_2971","21"
"Var1_2972","21"
"Var1_2973","21"
"Var1_2974","9"
"Var1_2975","21"
"Var1_2976","21"
"Var1_2977","21"
"Var1_2978","21"
"Var1_2979","21"
"Var1_2980","21"
"Var1_2981","21"
"Var1_2982","21"
"Var1_2983","21"
"Var1_2984","9"
"Var1_2985","21"
"Var1_2986","21"
"Var1_2987","12"
"Var1_2988","21"
"Var1_2989","18"
"Var1_2990","9"
"Var1_2991","21"
"Var1_2992","6"
"Var1_2993","12"
"Var1_2994","21"
"Var1_2995","7"
"Var1_2996","13"
"Var1_2997","12"
"Var1_2998","12"
"Var1_2999","12"
"Var1_3000","9"
"Var1_3001","21"
"Var1_3002","21"
"Var1_3003","9"
"Var1_3004","21"
"Var1_3005","21"
